상품명,설명,맛 평가,재료,레시피
클로버 클럽,"특유의 분홍빛과 라즈베리 가니쉬가 매력적인 '클로버 클럽'! 이 칵테일은 1800년대 남성 사교 모임이었던 '클로버 클럽'에서 탄생해 1910년까지 남성적인 칵테일로 인기를 얻었는데요, 그 이유는 1890년대에는 분홍색이 매우 남성적인 색으로 여겨졌기 때문이라고 합니다.
 1900년대 중반부터 사람들에게 잊혀졌던 클로버 클럽은 2000년대에 시작된 과거 클래식 칵테일 되살리기 운동에 의해 오늘날 IBA 공식 칵테일에도 등록되어 있다고 하네요.","도수 ★★★
단맛 ★★☆
신맛 ★☆☆
쓴맛 ★☆☆
탄산 ☆☆☆
얼음 ☆☆☆","진   1 + 1/2 oz
레몬 주스   1/2 oz
라즈베리 시럽   1/2 oz
달걀 흰자 약간
(+) 가니쉬: 라즈베리","1. 마티니 글라스에 얼음을 넣고 미리 칠링해 준다.
2. 재료들을 얼음과 함께 8~10초간 셰이킹해 준다.
3. 차갑게 식힌 글라스에 얼음을 걸러낸 칵테일을 따라 준다.
4. 라즈베리 가니쉬로 마무리해 준다.
  Tip: 계란 흰자는 술과 잘 섞이지 않고 자칫 비린내가 날 수 있기 때문에 충분히 강하게 흔들어줘야 함"
아메리카노,"커피? 아니죠. 칵테일입니다! '아메리카노'는 쌉쌀한 맛으로 입맛을 돋궈주는 대표적인 식전주입니다. 이 칵테일의 탄생은 커피 '아메리카노'와 굉장히 비슷한데요, 미국인들이 이탈리아의 칵테일인 '밀라노 토리노'의 씁쓸함을 줄이고 마시게 편하게 하고자 해당 레시피에 탄산수를 추가한 것이 아메리카노의 시작이라고 합니다.","도수 ★★☆
단맛 ★☆☆
신맛 ☆☆☆
쓴맛 ★★☆
탄산 ★★☆
얼음 ☆☆☆","캄파리  1 oz
스위트 베르무트  1 oz
탄산수  약간(30~60ml)
가니쉬:레몬 껍질이나 오렌지","1. 글라스에 캄파리와 스위트 베르무트를 부어 준다.
2. 탄산수를 채워 준다.
3. 가니쉬로 장식해 준다."
골든 메달리스트,"파인애플, 딸기, 코코넛, 바나나로 새콤달콤한 맛을 내는 트로피컬 칵테일 '골든 메달리스트'는 전 세계적으로 인기를 누리는 논 알콜 칵테일입니다! 대표적인 패밀리 레스토랑 브랜드 'TGIF'에서 창시된 칵테일로, 본래 '금메리스트'라는 뜻으로 '골드 메달리스트'가 맞는 명칭이지만, 한국으로 넘어오면서 '골든 메달리스트'라고 불리게 되었다고 하네요. 블랜딩 기법으로 과일 스무디같은 시원 상큼한 맛을 즐길 수 있는 골든 메달리스트, 특히 무더운 여름에 잘 어울릴 것 같지 않나요?","도수 ☆☆☆
단맛 ★★☆
신맛 ★☆☆
쓴맛 ☆☆☆
탄산 ☆☆☆
얼음 ★★☆","딸기  4~5개
바나나  1/2개
그레나딘 시럽  1/2 oz
파인애플 주스  6 2/3 oz
코코넛 크림  3 1/2 oz","1. 얼음과 함께 재료들을 블랜더에 블랜딩해 준다.
2. 글라스에 칵테일을 따라 준다."
잭 로즈,"'잭 로즈' 또는 '잭 로제'라고 불리는 이 칵테일은 고전적인 위스키 칵테일 중 하나로, 위스키 칵테일을 좋아하는 분들이 반드시 한 번 쯤은 시도해 볼 만한 칵테일입니다!
 클래식 칵테일인 만큼 잭 로즈 칵테일의 유래에 대해서는 여러가지 이야기들이 전해진다고 합니다. 그 중에서 대표적인 이야기는 20세기 초 미국에서 활동한 범죄자인 '백색 산타'(Whitey Ford)가 사용하던 비밀 코드네임 중 하나에인 '잭 로즈'(Jack Rose)에서 유래되었다는 것이고, 또 하나는 1920년대 미국 뉴저지 주의 로저스 호텔(Rogers Hotel) 바텐더인 '제임스 R. 셰퍼드'(James R. Shepherd)가 자신이 가장 좋아하는 대학 교수님의 이름 '잭 로즈'(Jack Rose)를 따서 이름을 지었다는 설입니다.
 어떤 이야기가 맞는지는 알 수 없지만, 어느 쪽 이야기가 맞다 해도 잭 로즈 칵테일은 지금까지 오랫동안 사랑받는 클래식 칵테일 중 하나로 자리 잡았습니다!","도수 ★★☆
단맛 ★★★
신맛 ★☆☆
쓴맛 ★☆☆
탄산 ☆☆☆
얼음 ★☆☆","애플 잭 or 칼바도스  1oz
라임 주스  1/2oz
그레나딘  1/2oz
가니쉬: 체리 또는 사과 슬라이스","1.글라스에 얼음을 담아 미리 칠링한다.
2.셰이커에 얼음과 재료를 차례로 넣고 흔들어 준다.
3.글라스의 얼음은 버리고 내용물을 따른다.
4.체리나 사과 가니쉬로 마무리한다."
와일드 플라워,"와일드 플라워는 영어로 '야생화'라는 뜻인데요! 거친 환경 속에서도 꿋꿋이 자라 아름답게 피는 야생화와 같이, 이 칵테일도 높은 도수로 인한 쓴맛 뒤에 느껴지는 깊고 달짝지근한 맛이 일품이랍니다.
 레시피에 '와일드 터키'라는 위스키를 사용하기 때문에 와일드플라워라는 이름을 가졌다고도 해요. 하지만 와일드 터키가 없다면 다른 종류의 버번 위스키로 만드시면 됩니다~!","도수 ★★★
단맛 ★★★
신맛 ★☆☆
쓴맛 ★☆☆
탄산 ☆☆☆
얼음 ★☆☆","버번 위스키 1 oz
아마레또 1/2 oz
피치트리 1/2 oz
라임즙(주스) 1/2 oz
Tip: 가니쉬로 식용 꽃이나 로즈마리 같은 걸로 장식해주면 얼마나 예쁘게요~",얼음으로 차갑게 칠링 시킨 글라스에 모든 재료를 빌드해서 가볍게 저어준다
셜리템플,"'셜리 템플'이름은 아역 배우 '셜리 템플'의 이름에서 따 왔는데요, 하와이 와이키키의 한 호텔에 방문했을 당시 미성년자라서 술을 마실 수 없었던 셜리 템플에게 바텐더가 특별히 만들어 주었던 칵테일이라고 합니다.
 석류 시럽인 그레나딘과 탄산음료가 어우러진 이 칵테일은 술이 들어가지 않는다는 점, 그리고 특유의 붉은 빛으로 분위기 연출에 효과적이라는 점 때문에 지금까지 많은 사랑을 받고 있습니다.","도수 ☆☆☆
단맛 ★★☆
신맛 ★☆☆
쓴맛 ☆☆☆
탄산 ★★★
얼음 ★★★","그레나딘 시럽  1/2 oz
진저에일 또는 진저비어  한 캔
가니쉬:마라스키노 체리","1. 콜린스 잔에 얼음을 채운다.
2. 진저에일 또는 진저 비어를 넣는다.
3. 그레나딘 시럽을 넣는다.
4. 마라스키노 체리로 장식한다.
Tip:진저에일과 그레나딘 시럽의 순서는 상관 없지만 진저에일을 먼저 넣으면 그라데이션 효과를, 그레나딘 시럽을 먼저 넣으면 층이 지는 효과를 만들 수 있다."
핑크 레이디," 1912년 영국 런던에서 흥행한 연극 '핑크 레이디' 공연 후 열린 파티에서 해당 극의 여주인공을 맡은 배우 헤이즐 돈 양에게 바쳐진 것을 시작으로 지금까지 전해 내려온 '핑크 레이디'! 사실 '화이트 레이디'의 변형에 가깝고, 비슷한 레시피를 가진 칵테일로는 '클로버 클럽'이 있다는 비하인드 스토리가 있다고 하네요.
 특유의 분홍빛과 부드러운 맛으로 아직까지 많은 사랑을 받고 있는 '핑크 레이디'는 30도의 높은 도수를 지닌 칵테일이니까요, 그 이름과 비주얼에 속지 마세요!","도수 ★★★
단맛 ★★☆
신맛 ★☆☆
쓴맛 ☆☆☆
탄산 ☆☆☆
얼음 ☆☆☆","드라이 진 -1 1/2 oz
그레나딘 시럽  1/3 oz
크림  1/2 oz
달걀 흰자 -1개","1. 글라스에 얼음을 담아 미리 칠링한다.
2. 모든 재료를 셰이커에 넣고 세게 흔들어 준다.
3. 차갑게 식힌 글라스에 칵테일을 따라 준다.
Tip:크림과 계란 흰자는 술과 잘 섞이지 않기 때문에 잘 흔들어 주어야 한다. 그렇지 않을 경우 술과 분리되거나, 특히 계란 흰자에서 비린내가 날 수 있다."
사이드카," '사이드 카'라는 칵테일의 독특한 이름은 어디서 왔을까요? 바로 오토바이 옆에 달린 작은 짐칸, 혹은 사람이 탈 수 있는 공간을 의미하는 '사이드 카'에서입니다. 해당 명칭의 유래에 대해서는 여러가지 설이 있는데요, 세계 1차 대전 당시 항상 이 칵테일을 주문했던 사이드카 운전병에게 '사이드카가 왔다'고 말하며 이 술을 내놓았다는 것이 그 중 하나라고 하네요.
 강한 과일 향과 부드러운 산미, 오렌지 리큐르와 레몬 주스의 조화로운 맛을 특징으로 하는 사이드카는 그 풍부한 맛과 향으로 많은 이들에게 사랑받고 있습니다","도수 ★★★
단맛 ★☆☆
신맛 ★★☆
쓴맛 ★☆☆
탄산 ☆☆☆
얼음 ☆☆☆","코냑  1 2/3 oz
트리플 섹  2/3 oz
레몬 주스  2/3 oz","1.글라스에 얼음을 담아 미리 칠링한다.
2. 셰이커에 얼음과 재료들을 넣고 셰이킹해 준다.
3. 얼음을 걸러내고 차갑게 식힌 칵테일 글라스에 따라준다."
에비에이션," 신비로운 하늘빛 또는 보라빛을 띠는 칵테일 '에비에이션Aviation[;비행, 항공]'은 당대 비행 기술의 비약적 발전, 그리고 비행에 대한 사람들의 흥미와 관심에 발 맞추어 그 이름을 얻게 되었다고 합니다.
 1916년에 처음 만들어진 후 전쟁을 거치면서 에비에이션의 핵심 재료 '크렘 드 바이올렛'을 구하기 어려워져 한동안 바텐더들은 이 칵테일의 특징적인 파란색을 포기하기도 했다는데요, 현재 다시 시장에 출시된 크렘 드 바이올렛은 에비에이션이 과거의 아름다운 빛깔을 낼 수 있도록 해 줄 뿐만 아니라 달콤한 맛을 한층 더해 준다고 합니다!","도수 ★★★
단맛 ★☆☆
신맛 ★★☆
쓴맛 ★☆☆
탄산 ☆☆☆
얼음 ☆☆☆","  진 1 1/2 oz
룩사르도 마라스키노 1/2oz
레몬주스 1/2oz
크렘 드 바이올렛 1tsp
가니쉬:마라스키노 체리(선택)","  1.칵테일 잔에 얼음을 넣고 칠링한다.
2.잘 부순 얼음과 함께 쉐이커에 모든 재료를 넣고 섞는다.
3.잔에 든 얼음은 버리고 칵테일을 따른다."
헤밍웨이 다이키리,"쿠바의 한 마을에서 만들어진 '다이키리'라는 칵테일은 작가 어니스트 헤밍웨이가 즐겨 마시기로 유명했죠. 당뇨병을 앓던 헤밍웨이가 다이키리를 걱정없이(?) 즐기기 위해 특별 주문한 레시피가 있었는데요! 그 레시피가 지금의 '헤밍웨이 스페셜'이라는 이름으로 국제 바텐더 협회 (IBA)의 공식 칵테일로 등록되어 있답니다.
 기존의 다이키리에서 럼의 비중을 2배로 늘리고, 설탕을 빼는 대신 약간의 단맛이 느껴지도록 자몽주스를 추가한 것이 바로 헤밍웨이 다이키리입니다. 다만 현대 레시피에서는 일반 다이키리와 헤밍웨이 스타일 둘 다 비슷한 양의 럼이 들어가는 것으로 바뀌었답니다!","도수 ★★★
단맛 ★☆☆
신맛 ★★☆
쓴맛 ★★☆
탄산 ☆☆☆
얼음 ☆☆☆","  화이트 럼  2 oz
마라스키노  1/2 oz
자몽 주스  1 + 1/3 oz
라임 주스 - 1/2 oz
Tip: '마라스키노 룩사르도'는 대표적인 체리 리큐르!","1. 쉐이커에 얼음을 채운다.
2. 쉐이커에 나머지 재료를 모두 따르고 충분히 흔들어준다.
3. 글라스에 얼음 없이 내용물을 따라준다.
Tip: 라임주스 대신 신선한 라임즙을 짜주면 상큼한 맛 UP!!"
미도리사워,"메론 리큐르로 유명한 '미도리'로 만드는 대표적인 칵테일, 미도리 사워! 푸릇푸릇한 색감에 딱 어울리는 상큼한 맛으로 유명한 칵테일이지만, 이름을 미도리 '샤워'로 잘못 부르는 경우도 많죠. 스윗앤사워 믹스가 들어가 새콤한 맛을 표현하는 칵테일이기 때문에 '사워(sour)'가 맞습니다!
 일본 주류 하면 빠질 수 없는 기업, '산토리'에서 1964년에 메론 리큐르가 다른 이름으로 처음 출시되었는데요! 미국에서도 큰 인기를 받게되자 1978년에 일본어로 초록색을 뜻하는 '미도리'로 이름을 바꾸어 본격적으로 유명세를 타기 시작했습니다. 공식 홈페이지에서는 미도리를 사용한 다양한 칵테일 레시피도 찾아볼 수 있답니다.","도수 ★☆☆
단맛 ★★☆
신맛 ★★☆
쓴맛 ☆☆☆
탄산 ★☆☆
얼음 ★★☆","*미도리 공식 홈페이지 레시피
미도리 리큐르 1 oz
사워믹스 1oz
(+) 가니쉬: 레몬 웨지
  Tip: 국내 칵테일 바에서는 탄산수를 추가하는 경우가 많음!","1. 글라스에 얼음을 채운다.
2. 미도리와 스윗앤사워 믹스를 따른다.
3. 가볍게 저어주고 레몬으로 장식해준다.
  Tip: 쉐이커로 재료를 한번 쉐이킹해주면 더 맛있음, 탄산수를 넣는다면 조금 더 큰 글라스를 사용하여 마지막에 2oz 추가"
카미카제," 카미카제(Kamikaze)는 보드카를 기반으로 한 칵테일로, 이름과는 달리 미국 펍에서 처음 만들어졌으며 일본과 관련된 술은 전혀 사용되지 않는답니다. 제 2차 세계대전에서 실제로 일본군의 자살 특공대로 알려졌던 '카미카제'는 무시무시한 위력을 가졌는데, 당시 미군들 사이에서 카미카제 칵테일의 맛이 ""카미카제처럼 강렬하다!""는 데서 유명해졌다고 해요.
 카미카제는 산뜻한 레몬 주스와 약간의 단맛이 어우러져 상큼한 맛을 느낄 수 있는 칵테일이에요. 도수가 높은 편이라 약간의 알콜 향이 느껴지기도 하지만, 산미가 그 향을 중화시켜줘서 색다른 매력을 만들어주죠. 시원하고 상쾌한 맛이 여름철에 잘 어울리는 선택이랍니다!","도수 ★★★
단맛 ★★☆
신맛 ★★☆
쓴맛 ★☆☆
탄산 ☆☆☆
얼음 ☆☆☆","보드카  1oz
트리플섹  1/2oz
라임 주스  1/2oz
(+) 가니쉬: 라임 조각","1. 칵테일 글라스에 얼음을 채워 미리 칠링해준다.
2. 셰이커에 재료를 차례대로 넣고 강하게 흔들어 준다.
3. 글라스의 얼음을 비우고 셰이커의 내용물을 얼음 없이 따른다.
4. 라임 조각으로 장식해준다.
Tip: 개인적으로 동그란 단면으로 자른 '라임 슬라이스'가 가니쉬가 제일 예쁘닷..!"
XYZ,"알파벳의 마지막 글자들 XZY! 이 칵테일의 이름은 ""알파벳의 마지막"", 즉 ""이 이상의 칵테일은 없다"", ""혹은 이것이 마지막 잔이다"", ""이제 제발 집에 가라""등 다양한 의미로 해석되는데요, 영업 종료 시간을 앞두고 남아있는 손님을 쫒아내기 위해 바텐더가 이 칵테일을 서비스로 내 오는 것이 유행하면서 이런 특이한 이름이 붙었다는 설이 있다고 합니다.
 XYZ의 레시피는 생각보다 굉장히 간단한 편인데요, 그만큼 다양한 변형이 가능하다고도 하죠. 기주인 럼 대신 진을 사용하면 화이트 레이디, 보드카를 사용하면 발랄라이카, 브랜디를 사용하면 사이드카가 된다고 하니, 그 이름처럼 '칵테일의 끝판왕' 답기도 하네요!","도수 ★★★
단맛 ★★☆
신맛 ★★★
쓴맛 ★★☆
탄산 ☆☆☆
얼음 ★☆☆","화이트 럼 - 1oz
코앵트로 - 1/2oz
레몬 주스 - 1/2oz
*Tip: 코앵트로는 오렌지 리큐르예요~ 트리플섹, 블루큐라소 모두 오렌지 리큐르 종류로 볼 수 있죠!","1. 글라스에 얼음을 채워 미리 칠링해준다.
2. 셰이커에 얼음과 재료를 차례대로 넣고 흔들어 준다.
3. 글라스와 얼음을 비우고 셰이커의 얼음을 걸러 칵테일을 따른다."
네그로니,"여느 칵테일과 마찬가지로 네그로니의 유래에 대해서는 명확한 답이 없지만, 가장 유력한 가설 중 하나는 1919년에 '카밀로 네그로니' 백작에 의해 만들어졌다는 것입니다. 이탈리아 피렌체라는 도시에서 그는 한 바텐더에게 '아메리카노'라는 칵테일을 주문하며 탄산수 대신 진을 넣어달라고 요구한 것이 네그로니 레시피가 되었다고 해요.
 네그로니의 재료로 들어가는 '캄파리'라는 술은 특히나 아름다운 붉은빛을 자랑하는데요! 투명한 루비 같은 색감에 오렌지와 꽃향이 어우러진 달짝지근한 향 뒤에는 캄파리만의 독보적인 씁쓸한 맛에 호불호가 많이 갈리는 술이기도 하답니다.","도수 ★★★
단맛 ★★☆
신맛 ☆☆☆
쓴맛 ★★☆
탄산 ☆☆☆
얼음 ★☆☆","[조주기능사 레시피]
드라이 진  3/4 oz
스위트 베르무트  3/4 oz
캄파리  3/4 oz
(+) 가니쉬: 레몬 필 트위스트
Tip: IBA는 재료의 양을 모두 1oz로 맞추고 오렌지 조각으로 장식!","1. 올드패션드 글라스에 얼음을 채워 칠링 시킨다.
2. 글라스에 모든 재료를 넣고 가볍게 저어준다.
3. 레몬 트위스트로 장식한다."
모킹버드,"'앵무새 죽이기'라는 소설을 아시나요? 놀랍게도 이 소설의 제목에 들어가는 '앵무새'라는 이름은 이 책이 한국에 출판되는 과정에서 '흉내지빠귀새 죽이기(To Kill a Mockingbird)'라는 원 제목에 들어가는 흉내지빠귀새, 즉 모킹버드를 한국인에게 친숙한 이름으로 번역하는 과정에서 생겨난 것이라고 하네요.
 코 끝을 스치는 민트 향과 쨍한 초록빛이 매력적인 이 칵테일은 이 소설 제목인 'To Kill a Mockingbird'의 발음을 비틀어 'Tequila Mockingbird(데킬라 모킹버드)'라고 부르기 시작하면서 생겨났다고 하는데요, 멕시코가 태생인 새 '모킹버드', 그리고 멕시코를 대표하는 술 '데킬라'를 베이스로 하는 이 칵테일의 특성을 살려 '모킹버드'라는 이름을 짓게 되었다고 하죠!","도수 ★★☆
단맛 ★★☆
신맛 ★☆☆
쓴맛 ☆☆☆
탄산 ☆☆☆
얼음 ☆☆☆","데킬라  1 oz
크렘 드 멘트 그린  1/2 oz
라임주스  1/2 oz","  1. 마티니 글라스에 얼음을 넣어 차갑게 칠링한다.
2.셰이커에 얼음과 모든 재료들을 넣고 흔든다.
3.얼음을 제외한 내용물을 빈 잔에 따른다."
갓파더,"갓파더의 이름은 너무나 유명한 대부 영화 시리즈에서 따온 것으로 알려져 있죠! 이 칵테일의 역사는 1970년대 후반 미국에서 시작되었는데요, 당시 미국에서 위스키를 좋아하는 사람들이 많았고 그들 중 일부가 아마레또를 첨가하여 새로운 칵테일을 만들어보려고 하면서 탄생한 레시피라고 합니다.
 갓파더는 진한 위스키와 달콤한 아몬드 향이 나는 아마레또가 섞여서 강한 인상을 주는 칵테일입니다. 얼음을 넣어 시원하게 즐기거나, 레몬 주스를 살짝 더해서 상큼한 맛으로 즐길 수도 있죠. 갓파더는 위스키를 좋아하는 분들이나, 강하고 묵직하면서도 달짝지근한 끝맛을 좋아하는 분들에게 추천해드리는 칵테일이에요!","도수 ★★★
단맛 ★★☆
신맛 ☆☆☆
쓴맛 ★★☆
탄산 ☆☆☆
얼음 ★★☆","위스키   1 + 1/4 oz
아마레또  1 + 1/4 oz
Tip: 용량과 비율은 기호에 따라 조율하시고 아마레또의 정석은 '디사론노', 이 제품을 사용하면 더욱 깊은 맛을 즐길 수 있어요!","1. 온더락 글라스에 얼음을 채워 칠링 시킨다.
2. 글라스에 두 재료를 넣고 가볍게 저어준다.
Tip: 가니쉬로 오렌지 트위스트 또는 시나몬 스틱을 넣어도 좋음. 오렌지는 상큼하게, 시나몬 스틱은 스파이시하게 맛을 돋워줄 수 있음!"
우우,"우우는 귀여운 이름 만큼이나 아주 상큼달달한 맛을 자랑하는 칵테일인데요! 뉴욕에 있던 '퍼스트 에디션 바'라는 칵테일바에서 처음 만들어졌으나, 제대로 이름이 알려진 계기는 1980년대에 복숭아 리큐르가 들어간 칵테일들이 크게 유행하기 시작했을 때라고 합니다.
 국내에서는 인지도가 그리 높지는 않은 편이지만, 미국에서는 굉장히 인기가 많은 칵테일이예요. 아마 그 이유는 재료가 단순하고 구하기 쉬우며, 복숭아와 크랜베리 맛이 어우러져 남녀노소 누구나 호불호 없이 맛있게 즐길 수 있기 때문이겠죠? 게다가 보드카도 적지 않게 들어가서 은은하게 알딸딸해지기 딱 좋은 도수로 강력 추천드립니다!","도수 ★★☆
단맛 ★★★
신맛 ★★☆
쓴맛 ☆☆☆
탄산 ☆☆☆
얼음 ★★☆","피치스냅스(또는 리큐르) 1oz
보드카 2oz
크렌베리 주스 4oz
가니쉬: 라임 웨지
Tip: 크렌베리 주스의 비율은 기호에 따라 조정하기!","1. 글라스에 얼음을 담아 칠링 시킨다.
2. 모든 재료를 넣고 가볍게 저어준다."
엘 디아블로,"디아블로는 스페인어로 악마라는 뜻이라고 해요. 무서운 이름과는 달리 의외로 상큼한 맛을 자랑하는 칵테일이랍니다. 특유의 붉은 빛이 악마를 연상시켜서 이런 이름이 붙었다고 하네요. 엘 디아블로의 매혹적인 색깔은 크렘 드 카시스가 들어가 만들어져요. 블랙커런트 혹은 카시스라고 불리는 까막까치밥 나무 열매가 주재료인 리큐르인데, 진한 단맛과 함께 느껴지는 떫은 맛이 특징이에요. 크렘 드 카시스만으로는 붉은 빛이 충분히 안 나온다! 싶으면 그레나딘 시럽을 조금 넣기도 해요.
 라임 주스와 과일 리큐르의 상큼한 단맛, 그리고 진저 에일의 톡 쏘는 탄산과 상쾌한 맛이 잘 어우러지는 칵테일이에요. 눈으로 한번 사로잡고 맛으로도 사로잡는 매력적인 칵테일이죠! 부담없이 술술 넘어가는 맛이지만 도수는 약간 부담스러울 수도 있어요(찡긋)","도수 ★★☆
단맛 ★★☆
신맛 ★★☆
쓴맛 ★☆☆
탄산 ★☆☆
얼음 ★★☆","데킬라 1 + 1/2oz
크렘 드 카시스 1/2oz
그레나딘 시럽 2ts
라임 주스 1/2oz
진저 비어 혹은 진저 에일 Fill Up
가니쉬: 라임 슬라이스 혹은 블랙베리","1. 하이볼 글라스에 얼음을 채워 칠링해준다.
2. 쉐이커에 얼음을 넣은 뒤, 진저 에일을 제외한 나머지 재료들을 차례대로 넣고 흔들어 준다.
3. 쉐이커 속 내용물을 얼음이 나오지 않도록 글라스에 따른다.
4. 진저비어 혹은 진저에일을 원하는 만큼 따른다.
5. 라임 슬라이스나 블랙베리로 가니쉬 해준다."
티라미수 칵테일,"혹시 티라미수 좋아하시나요? 그렇다면 이 칵테일을 강력 추천드려요. 부드럽고 달달한 크림치즈에 쌉싸름한 코코아 파우더가 어우러진 맛, 이름처럼 티라미수가 그대로 칵테일이 된 듯한 맛이에요.
 정석처럼 여겨지는 대표적인 레시피가 있지는 않다 보니 다양한 버전의 레시피가 있어요. 치즈폼을 올리는 대신 크림치즈를 넣기도 하고, 계란 노른자 말고 베일리스 밀크를 넣어 부드러움을 더해주기도 하고요. 어떤 레시피든 한 모금 마시는 순간 디저트를 먹는 듯한 기분이 들 거예요. 역시 티라미수는 사랑이죠^__^","도수 ★☆☆
단맛 ★★☆
신맛 ☆☆☆
쓴맛 ★☆☆
탄산 ☆☆☆
얼음 ★☆☆","보드카  1 + 1/2 oz
아마레또  3/4 oz
오르쟈 시럽  3/4 oz
에스프레소  3/4 oz
계란 노른자 - 1개
코코아 파우더 - 2 바 스푼
치즈 폼(혹은 마스카포네 치즈)","1. 재료들을 모두 섞은 후 얼음을 채워놓은 온더락 글라스에 붓는다.
2. 위를 치즈폼으로 덮고 코코아 파우더를 뿌린다."
시브리즈,"바닷바람이라는 낭만적인 이름을 가진 이 칵테일은 1920년대에 탄생했다고 해요. 당시에는 진과 그레나딘 시럽을 쓰는 등 지금과는 레시피가 많이 달랐는데, 시간이 흘러 크랜베리와 자몽주스, 보드카를 섞는 레시피가 큰 인기를 끌어 지금까지 이어지고 있어요.
 시브리즈는 영화 프렌치 키스에서 주인공이 해변가에서 마신 칵테일로도 유명한데요, 특유의 상큼함과 살짝 떫은 끝맛이 바닷바람 부는 해변가와 잘 어울리는 것 같지 않나요? 자몽 주스 대신 파인애플 주스를 넣으면 베이 브리즈(혹은 하와이안 브리즈)가 된답니다.","도수 ★☆☆
단맛 ★★☆
신맛 ★★☆
쓴맛 ☆☆☆
탄산 ☆☆☆
얼음 ★★☆","보드카 - 1 1/3oz(40ml)
크랜베리 주스 - 4oz(120ml)
자몽 주스 - 1oz(30ml)","[IBA 레시피]
1. 얼음을 채운 하이볼 글라스에 모든 재료를 넣어 섞는다.
2. 오렌지 제스트나 체리로 장식한다. "
바카디 칵테일,"유명한 주조업체 바카디를 아시나요?
이 회사와 이름이 같은 바카디 칵테일은 주조업체 '바카디'의 럼을 광고하기 위해 만들어진 칵테일입니다. 역사적으로는 쿠바에서 유래된 칵테일이며, 초기에는 그레나딘 시럽이 들어가지 않았지만 미국 금주법이 시행된 이후 그레나딘 시럽이 추가되어 지금의 레시피가 되었다고 합니다.
한 번은 이 칵테일에 바카디럼의 사용유무로 소송이 발생한 적이 있었고, 법원이 바카디 럼이 들어간 칵테일 만을 바카디라고 하라는 판결을 내린적도 있다고 하네요.","도수 ★★★
단맛 ★★★
신맛 ★☆☆
쓴맛 ★☆☆
탄산 ☆☆☆
얼음 ☆☆☆","[조주기능사 레시피]
바카디 럼  1+3/4oz 
라임주스  3/4oz 
그레나딘 시럽  1 tsp","1. 칵테일 글라스에 얼음을 담아 칠링 시킨다.
2. 셰이커에 5~7조각 정도의 얼음을 넣는다.
3. 바카디 럼을 1+3/4oz 만큼 넣는다.
4. 라임주스를 3/4oz 만큼 넣는다.
5. 그레나딘 시럽을 1티스푼 넣는다.
6. 셰이킹 후 글라스의 얼음을 버리고 잔에 음료를 따르면 완성!"
갓마더,"이탈리아 마피아를 연상케 하는 갓파더 칵테일의 변형 버전, 갓마더! 이 칵테일 역시 이탈리아의 유명한 아몬드 리큐르, 아모레또가 필수 재료 중 하나인데요. 위스키를 섞는 갓파더와 달리, 갓마더는 아마레또에 보드카를 섞어서 달콤하고 부드러운 맛이 특징이랍니다. 강하고 묵직한 느낌의 갓파더와 상반되는 갓마더의 부드럽고 깔끔한 매력이 돋보이죠!
 위스키가 아닌 보드카를 사용함으로써 갓마더는 강하고 묵직한 느낌의 갓파더 보다 더욱 부드러운 달콤함이 돋보이는 칵테일이랍니다. 그래서 위스키를 좋아하지 않거나 부담스럽지 않으면서 도수가 높은 칵테일을 찾으시는 분들에게 특히 추천드려요!","도수 ★★★
단맛 ★☆☆
신맛 ☆☆☆
쓴맛 ★★☆
탄산 ☆☆☆
얼음 ★★★","보드카  1 + 1/2 oz
아마레또  1 oz
Tip: 비율은 기호에 따라 조정 가능! ","1. 올드 패션드 글라스에 얼음을 채워 칠링 시킨다.
2. 두 재료를 글라스에 따르고 가볍게 저어준다."
진 피즈,"피즈 스타일 칵테일의 한 종류로, 미국의 바텐더 제리 토마스가 낸 Bartender's Guide라는 책에서 처음 등장했다고 해요. 피즈라는 이름은 소다수의 탄산이 내는 특유의 소리에서 따온 것이라고 하죠. 
 진 피즈는 18세기 미국에서 큰 인기를 끌다 현재는 전 세계로 그 인기가 확산되었는데요, 낮은 도수와 상큼한 시트러스 향 덕에 누구나 부담 없이 접할 수 있는 칵테일입니다. 또한 재료의 비율에 따라 다양한 맛을 즐길 수 있답니다.
 ","도수 ★☆☆
단맛 ★★☆
신맛 ★★★
쓴맛 ★☆☆
탄산 ★★☆
얼음 ★★☆","진  1 + 1/2 oz
레몬 주스  1 oz
설탕 시럽  1/3 oz
탄산수  Fill Up
가니쉬: 레몬 혹은 라임 슬라이스
 ","1. 하이볼 글라스에 얼음을 가득 채운다.

2. 셰이커에 얼음을 채우고 진, 레몬 주스, 설탕 시럽을 넣어 섞는다.

3. 글라스에 따른 후 탄산수를 채운다.

4. 레몬 혹은 라임 슬라이스로 장식한다."
김렛,"김렛이 만들어지게 된 계기는 18세기 후반, 영국해군들이 가장 두려워 한 것이 괴혈병이었다는 것에서 부터 시작합니다. 장기간 바다 위 생활을 해야 했던 영국 해군들에게는 소금에 절인 고기처럼 상하지 않는 음식만이 가지고 있는 전부였고, 신선한 과일과 야채의 섭취가 부족해지게 되자 비타민C 부족으로 괴혈병이 집단발병을 하게 됩니다. 이 때 영국 해군병원의 병원장이었던 제임스 린드가 비타민C가 풍부한 음식이 괴혈병 예방에 좋다는 연구 결과를 발표하게 되고, 이 연구 결과를 받아들여 당시의 해군 의무 장군이었던 토마스 김렛이 라임주스에 진을 섞어 마시라고 지시한 것이 이후 김렛이 되었다고 합니다.
 이름의 유래는 당시 해군장교 김렛(Thomas Gimlette)의 이름을 붙였다고도 하고, 또는 구멍 뚫는 도구인 김렛(Gimlet)을 이용해 술통을 연 데서 이름이 붙었다는 이야기가 있습니다. 초기 레시피가 진과 라임이 1:1 비율로 쓰였다는걸 보고 날카로운 맛이라고 묘사하는 사람들도 있습니다.","도수 ★★★
단맛 ★★☆
신맛 ★★★
쓴맛 ★★☆
탄산 ☆☆☆
얼음 ★☆☆","드라이 진  1 + 1/2 oz
라임즙  1/2 oz
설탕 또는 설탕 시럽  1 tsp
  Tip: 설탕이나 시럽은 기호에 따라 선택, 라임즙이 아닌 주스 제품을 사용할 경우에는 이미 조금 달아서 안 넣어도 맛있음!","1. 마티니 글라스에 얼음을 채워 차갑게 칠링 시킨다.
2. 쉐이커에 얼음과 함께 모든 재료를 넣고 강하게 흔들어준다.
3. 글라스의 얼음을 빼고 쉐이커의 내용물을 얼음이 나오지 않도록 따른다.
4. 라임 슬라이스로 장식해 준다."
다이키리,"헤밍웨이가 사랑한 2가지의 칵테일 중 하나로 꼽히는 다이키리!
 다이키리라는 이름은 산티아고 데 쿠바의 광산 마을인 '다이키리'에서 유래딘 것이라고 합니다. 라임 주스와 럼으로 만들어지는 이 칵테일은 이곳에서 엔지니어로 일했던 다이키리의 창시자인 제닝스 콕스에게 다이키리를 대접받았던 미국의 의료장교 루시우스 존슨이 본토로 돌아와 자신의 바인 Army&Navy Club에 다이키리 레시피를 가져와 판매하게 되면서 본격적으로 전 세계에 퍼지게 되었다고 해요.
 럼 베이스의 식전주로 구분되는 다이키리는 오리지널 레시피인 라임주스 외에 다양한 과일 재료를 활용한 바리에이션이 존재하는 만큼 개인의 취향과 입맛에 맞게 즐길 수 있어요!","도수 ★★★
단맛 ★☆☆
신맛 ★★☆
쓴맛 ★★★
탄산 ☆☆☆
얼음 ★☆☆","라이트 럼 1 + 3/4 oz
라임주스 3/4 oz
설탕 1 tsp","1.칵테일 잔에 얼음을 넣고 칠링한다.
2.쉐이커에 얼음을 8~10개정도와 재료들을 모두 넣고 흔든다.
3.잔에 든 얼음은 버리고 칵테일을 따른다."
마가리타,"마가리타의 유래 중 하나로는, 데이지(Daisy)의 스페인어라는 점에서 칵테일 종류인 '데이지'를 변형시켜 브랜디 대신 데킬라를 사용하면서 탄생 되었다는 것입니다. 또 다른 주장으로는 바텐더 '존 듀레서'가 사별한 애인의 이름을 따서 만들었다는 이야기도 있죠.
 다양한 유래와 달리 마가리타의 레시피는 일관적으로 유지되어 왔는데요, 특히 리밍 소금(잔의 테두리에 소금을 묻히는 것)이 특징적이랍니다. 이 소금은 데킬라의 쓴 맛을 완화 시키면서 달고 상큼한 향을 극대화 시켜준답니다.","도수 ★★★
단맛 ★☆☆
신맛 ★★☆
쓴맛 ★★★
탄산 ☆☆☆
얼음 ★☆☆","데킬라 1 + 1/2 oz
트리플섹 1/2 oz
라임즙 1/2 oz
가니쉬: 리밍 소금
Tip: '리밍(Rimming)'은 글라스의 테두리(=rim) 따라 재료를 묻히는 기법","1. 레몬 조각으로 글라스 테두리를 따라 즙을 바른다.
2. 소금을 납작한 접시에 담고, 레몬즙으로 젖은 테두리 부분을 소금에 돌려가면서 묻힌다.
3. 쉐이커에 얼음을 가득 채우고 모든 재료를 넣어 강하게 흔들어준다.
4. 글라스에 쉐이커의 내용물을 얼음이 나오지 않도록 따른다.
Tip: 소금은 도장을 찍듯이 한 번에 하는 것보다, 천천히 돌려가며 묻혀줘야 골고루 예쁘게 나옴"
프란젤리코 밀크,"프란젤리코는 이탈리아의 피아몬테 지역에서 헤이즐넛을 가지고 술을 만들었던 수도승의 이름과 그의 복장을 본따 만든 병 모양이 트레이드마크인데요! 국내에서는 흔히 찾을 수 있는 리큐르가 아니지만, 향긋한 헤이즐넛 맛이 남녀노소 누구나 호불호 없이 즐길 수 있다고 하니 혹시나 보게 된다면 한번 츄라이 츄라이~ 맛보시길 추천드립니다!
 깔루아 밀크, 베일리스 밀크, 말리부 밀크 등과 같이 우유만으로도 고소+달달하게 맛있는 칵테일을 만들 수 있는 리큐르들이 있죠? 프란젤리코도 마찬가지로 우유에 적당량 타서 마시면 헤이즐넛 향에 취해가는 칵테일 한 잔 뚝딱 완성이 됩니다! 커피에도 헤이즐넛 시럽처럼 넣어도 아주 맛있다고 하니, 홈바가 아닌 홈카페로 쟁여놔야겠어요.","도수 ★☆☆
단맛 ★★☆
신맛 ☆☆☆
쓴맛 ☆☆☆
탄산 ☆☆☆
얼음 ☆☆☆","프란젤리코 1 oz
우유 3~4oz
Tip: 기호에 따라 비율 조정하기","1. 글라스에 얼음을 채운다.
2. 프란젤리코와 우유를 차례대로 따른다.
3. 잘 섞이도록 저어준다.
Tip: 우유 칵테일은 특히 얼음이 녹으면 맛 없어지니까 조금만 넣기!"
도쿄 아이스티,"칵테일계의 폭탄주로 유명한 롱아일랜드 아이스티(줄여서 '롱티)의 변형된 레시피, 도쿄 아이스티(줄여서 '도쿄티')! 두 아이스티 레시피들은 공통점이 굉장히 많으면서도 핵심적인 재료가 조금씩 달라지면서 맛과 색이 전혀 달라지는데요. 일단 재미있게도 둘 다 아이스티는 들어가지 않는답니다(아이스티라는 명칭은 왜 나온건지 아직도 제게는 미스테리..)
 도쿄티는 하와이에 위치한 워커힐 호텔에서 유난히 많았던 일본인 관광객을 위해 만들어졌다는 말이 있는데요, 그래서인지 가장 중요한 재료가 바로 일본의 유명한 메론 리큐르 미도리랍니다. 롱티에는 다양한 술들과 함께 콜라가 들어가는 반면에, 도쿄티는 콜라 대신 사이다와 미도리가 들어가서 투명한 초록빛과 상큼한 맛이 트레이드마크예요. 하지만 럼, 진, 보드카 등 온갖 도수 높은 술들이 섞이는 폭탄주라는 점은 둘다 똑같기 때문에, 도쿄 아이스티의 새콤달콤한 맛에 속아 섣불리 마셨다가는 큰일날수도 있어요!","도수 ★★★
단맛 ★★★
신맛 ★★☆
쓴맛 ★☆☆
탄산 ★★☆
얼음 ★★☆","보드카 1/2 oz
화이트 럼 1/2 oz
진 1/2 oz
데킬라 1/2 oz
트리플섹 1/2oz
미도리 1/2oz
라임즙 1 oz
사이다 Fill Up
가니쉬: 레몬 웨지, 체리 (하나 또는 둘다)

Tip: 미도리를 1oz로 넣으면 더 진한 초록빛 & 메론 향을 낼 수 있음, 탄산을 좋아하지 않는다면 라임즙&사이다 대신 레몬에이드 추가","1. 글라스에 얼음을 채운다.
2. 사이다를 제외한 모든 재료를 먼저 글라스에 따른다.
3. 남은 공간은 사이다로 채우고 재료가 잘 섞이도록 저어준다.
4. 레몬 또는 체리 등으로 장식해준다.

Tip: 재료를 순서대로 넣고 젓는 '빌드' 외에 쉐이커로 흔들어 섞는 방법도 가능"
아이리시 커피,"지금까지 이런 맛은 없었다, 이것은 커피인가 칵테일인가! 따뜻한 블랙커피에 설탕 한 스푼, 그 위에는 부드러운 크림까지.. 여기까지만 들으면 맛있는 크림커피 한 잔이 상상이 되시죠. 하지만 아이리시 커피의 매력은 바로 커피에 섞는 아이리시 위스키, 그중에서 대표적으로 달달한 향과 부드러운 끝맛으로 유명한 '제임슨'이 화룡점정이랍니다.
 19세기 중반부터 유사한 음료에 대한 기록은 있었지만, 오늘날 우리가 알고 있는 아이리시 커피는 1950년대 아일랜드 서부에 있는 셰논 공항 부근의 식당에서 승객들의 추위를 달래기 위해 만들었다고 합니다. 위스키 섞인 커피와 생크림을 젓지 않고 아인슈페너처럼 한 모금에 같이 마시며 음미하는 따뜻 달달한 칵테일로, 다가오는 겨울에 자주 생각날 것 같네요!","도수 ★★☆
단맛 ★★☆
신맛 ☆☆☆
쓴맛 ★☆☆
탄산 ☆☆☆
얼음 ☆☆☆","아이리시 위스키  1 + 2/3 oz
뜨거운 커피  4 oz
설탕  1 tsp
크림  1 + 2/3 oz
Tip: 설탕 대신 설탑시럽 대체 가능, 가니쉬로 휘핑크림을 올리면 예쁘고 달달함","1. 아이리시 커피 글라스를 따뜻하게 데워두고 크림은 시원하게 보관한다.
2. 따뜻한 블랙커피를 글라스에 따르고 위스키와 설탕을 넣어 녹을때까지 저어준다.
3. 바 스푼을 이용하여 생크림이 커피와 섞이지 않도록 천천히 따른다(플로팅).

Tip: 걸쭉하고 시원한 생크림이 커피에 바로 녹지 않고 비교적 쉽게 플로팅 할 수 있음"
갓차일드,"갓마더, 갓파더 칵테일은 한번쯤 들어보셨을텐데요! 유명한 갓- 부부에 비해 갓차일드는 다소 생소한 칵테일이죠. 생소한 만큼 정확한 유래나 레시피를 찾기가 어려웠습니다만, 한 가지 확실한 것은! 이탈리아 마피아를 연상케하는 갓파더의 가족이니 이탈리아의 유명한 아몬드 리큐르, 아모레또가 필수 재료랍니다.
 갓마더와 갓파더는 각각 아마레또에 보드카 또는 위스키를 섞은 칵테일인데요, 그래서 갓차일드의 레시피 중 하나는 똑같이 아마레또에 브랜디를 넣은 것입니다. 다른 버전으로 '갓도터(God Daughter)'와 '갓선(God Son)', 즉 손녀와 손자라는 이름으로 구분지어서 갓마더에 크림을 넣거나 갓파더에 크림을 넣는 레시피들도 있답니다. 그러나 어린 '아이(child)'라는 컨셉에 맞춰 아마레또에 크림만 섞는 경우도 있어서, 여러모로 참 애매한 칵테일입니다. 그래도 그만큼 아마레또의 다양한 매력을 맛볼 수 있으니 다다익선 아니겠어요!","도수 ★★★
단맛 ★★☆
신맛 ☆☆☆
쓴맛 ★(★)☆
탄산 ☆☆☆
얼음 ★☆☆
*크림이 없는 경우 쓴 맛이 더 강해짐","1) God Daughter
보드카 1oz, 아모레또 1/2oz, 크림 1/2oz
2) God Son
스키 1oz, 아모레또 1/2oz, 크림 1/2oz
3) God Child
브랜디 1.5oz, 아모레또 1ozoz
※ 모두 통틀어서 '갓차일드'로 부르는 경우도 있음","1. 올드패션드 글라스에 얼음을 채운다.
2. 모든 재료를 따른다(크림의 경우 가장 마지막에 넣기)
3. 가볍게 저어준다."
블루라군(롱 버전),"'푸른 석호'라는 뜻을 가진 칵테일답게 빠져들 듯한 푸른 색감이 매력적인 블루 라군! 1960년 또는 70년대 쯤 프랑스의 전설적인 바텐더라 불렸던 해리 맥엘론과 그의 아들 앤디 맥엘론에 의해 창시되었다고 합니다.
 보드카가 베이스인 블루 라군은 숏 드링크(6oz 미만의 용량이 적은 칵테일) & 롱 드링크(6oz 이상 용량이 많은 칵테일) 두 가지 버전의 레시피가 있는데요! 가장 큰 차이는 롱 드링크 버전에 사이다를 채워서 탄산감을 더하고 칵테일의 도수를 줄인다는 점입니다. 칵테일 바에서 주문할 때, 주량이 높지 않은 편이라면 롱 드링크 버전인지 먼저 문의해보시길 추천드려요!","도수 ★★☆
단맛 ★★☆
신맛 ★☆☆
쓴맛 ☆☆☆
탄산 ★★☆
얼음 ★★☆","보드카 1 + 1/3 oz
블루 큐라소 1/2 oz
레몬 주스 2/3 oz
사이다 Fill Up
(+) 가니쉬: 레몬 슬라이스 &체리
Tip: 탄산이 싫다면 레몬즙&사이다 대신 그만큼 레몬에이드를 넣어도 됨","1. 글라스에 얼음을 담아 칠링 시킨다.
2. 쉐이커에 사이다를 제외하고 모든 재료를 넣어 얼음과 함께 흔들어준다.
3. 글라스의 얼음을 빼고 쉐이커의 내용물을 모두 따른다.
4. 남은 공간을 사이다로 채운다(fill up).
5. 체리와 레몬 슬라이스로 장식해준다."
스크리밍 오르가즘,"오르가즘 칵테일이 맛은 있지만 너무 달다고 느껴질 때, 한 단계 업그레이드 시켜서 좀 더 강렬한 것이 땡길 때! 스크리밍 오르가즘이 딱이죠. 커피, 초코, 아몬드 리큐르의 집합체인 오르가즘의 단맛을 중화시키고 도수를 확 올려줄 보드카를 추가한 것이 바로 스크리밍 오르가즘이랍니다. 비명을 지를 정도로 좋다고 하니... (흠흠)
 정석적인 스크리밍 오르가즘 레시피에는 우유와 크림이 둘 다 들어가면서 굉장히 부드럽고 진한 맛도 매력인데요, 우유만 선택해서 넣고 가니쉬로 휘핑크림을 올리는 경우도 많습니다. 휘핑크림 말고도 초코가루 등의 달달한 재료를 가니쉬로 사용하기 때문에 식사 후의 디저트 칵테일로도 유명하답니다. 그 외에도 샷잔에 재료의 비율을 똑같이, 층을 유지하는 '플로팅 기법'으로 쌓아서 한 번에 마시는 슈터 버전으로도 즐길 수 있죠!","도수 ★★★
단맛 ★★☆
신맛 ☆☆☆
쓴맛 ☆☆☆
탄산 ☆☆☆
얼음 ★☆☆","보드카 1 oz
깔루아 1 oz
베일리스 1 oz
아마레또 1 oz
하프앤하프 크림 1 oz
우유 1 oz
(+) 가니쉬: 초코가루
*Tip: 다른 버전은 하프앤하프 크림 대신
우유 1 + 1/2 oz
가니쉬 휘핑크림 & 체리","1. 쉐이커에 얼음을 채운다.
2. 모든 재료를 넣고 얼음과 함께 강하게 흔들어준다.
3. 글라스에 얼음을 조금 채우고 쉐이커의 내용물을 얼음이 나오지 못하도록 따른다.
4. 초코가루 또는 휘핑크림과 체리로 장식해준다.
*Tip: 유제품은 쉐이킹을 강하게 해줘야 부드럽게 잘 섞임, 마시면서 얼음이 녹으면 맛 없어지기 때문에 글라스에 조금만 담거나 생략해도 됨"
미도리 일루젼,"미도리 사워라는 칵테일은 많이들 들어보셨겠지만, 그에 비해 미도리 일루전은 다소 생소한 칵테일이죠. 미도리는 일본어로 '초록색', 일루전은 영어로 '환각'이라는 뜻을 가졌는데요! 그래서인지 레시피에 미도리의 비중이 상당히 많고 보드카와 함께 술이 3가지나 들어가서 잘못하면 금방 취할 수 있는 칵테일이기도 합니다.(그게 이름의 유래인지는 확실하지 않은 저의 뇌피셜~)
 메론과 파인애플 등의 조화로 미도리 사워와도 비슷한 새콤달콤한 맛을 가진 미도리 일루전은 공식 홈페이지에서 레시피를 쉽게 찾을 수 있는데요! 국내보다는 해외에서 특히 인기가 많아서 편의점 모히또처럼 병으로 제조된 미도리 일루전 제품도 판매하고 있다고 합니다.","도수 ★★★
단맛 ★★☆
신맛 ★★☆
쓴맛 ☆☆☆
탄산 ☆☆☆
얼음 ★★☆","미도리 2oz
보드카 1/2oz
트리플섹 1/2oz
레몬즙 1oz
파인애플 주스 1oz
(+) 가니쉬: 파인애플 웨지","1. 글라스에 얼음을 담고 미리 칠링시킨다.
2. 쉐이커에 모든 재료를 넣고 얼음을 채워서 강하게 흔들어준다.
3. 글라스의 얼음을 빼고 쉐이커의 내용물을 모두 따른다.
4. 파인애플 웨지로 장식해준다."
치치,"'순수한', '멋있다'는 의미를 가진 단어 치치(Chi-Chi)는 블라우스 가슴에 달린 프랑스어를 가리키는 '시시'가 어원이라고 합니다. 상큼 달콤한 열대과일 파인애플과 부드러운 코코넛 향이 담긴 트로피칼 풍의 아주 멋진 칵테일이죠!
 치치는 트로피컬 칵테일의 대표 주자 '피냐 콜라다'의 보드카 버전인데요, 보통 셰이커를 이용해 만드는 피냐 콜라다와는 달리 치치는 대부분 블렌더를 이용해 얼음을 통채로 갈아 만든 프로즌 스타일 칵테일이라는 차이가 있겠네요. 코코넛 향에 대한 불호만 없다면 낮은 도수와 상큼 부드러운 맛으로 언제 어디서나 가볍게 즐길 수 있는 칵테일입니다!","도수 ★☆☆
단맛 ★★☆
신맛 ★☆☆
쓴맛 ☆☆☆
탄산 ☆☆☆
얼음 ★★★","  보드카  1 + 1/2 oz
피냐콜라다 믹스  2 oz
파인애플 주스  2 oz
얼음  5~6 조각
Tip: 피냐콜라다 대신 코코넛 밀크를 사용하면 더욱 부드럽고 진한 코코넛 향을 낼 수 있음!","1.얼음을 포함한 모든 재료들을 블렌더에 넣고 스무디처럼 갈아 준다.
2.완성된 내용물을 잔에 따른다."
말리부 밀크,"말리부는 바베이도스라는 섬에서 생산되는 화이트 럼에 코코넛의 풍미를 더해서, 코코넛 리큐르 중에서 가장 유명한 제품이죠! 비교적 낮은 도수와 달짝지근한 코코넛 맛으로 칵테일에 입문할 때 부담없이 즐기기에 딱 좋은 술입니다. 특히 트로피칼 칵테일에 자주 사용되어 블루하와이안이나 피냐콜라다 등의 레시피에서 필수 아이템이랍니다.
 말리부를 온전히 즐기는 방법으로는 말리부 밀크가 개인적으로 제일 좋았는데요. 그냥 마시기에는 단 맛이 꽤 강해서, 고소한 우유에 적당히 섞어주면 은은한 코코넛 향이 매력적인 고급진 코코넛 우유가 탄생합니다. 집에서 말리부 하나씩 쟁여두고 심심할 때 한 잔 뚝딱 해먹기 너무 좋은 칵테일이죠!","도수 ★☆☆
단맛 ★★☆
신맛 ☆☆☆
쓴맛 ☆☆☆
탄산 ☆☆☆
얼음 ★☆☆","말리부 1+1/2oz
우유 3oz
Tip: 비율은 기호에 따라 조정 가능! (※말리부가 많을수록 매~우 달아져요,,)","1. 글라스에 우유와 말리부를 따른다.
2. 얼음 몇개 넣고 잘 저어준다.
Tip: 얼음 넣으면 시원해지지만 빨리 마시지 않으면 밍밍해질 수 있음"
블로우잡,"네..! 블로우잡.. 참 재미난 칵테일이죠(동공지진) 어차피 이 글을 보고 계신 분들 모두 성인일테니^^ 블로우잡은 구강성교를 뜻하는데요, 이러한 이름은 생김새 뿐만 아니라 마시는 방법에서 유래되었다고 합니다. 우선 소주잔 정도 크기의 글라스로 양이 적고 한 입에 원샷하는 '슈터' 칵테일 중 하나랍니다.
 블로우잡은 마시는 방법이 독특한데, 손을 사용하지 않고 입으로만 마시는 겁니다. 아몬드와 초콜릿 향의 리큐르를 각각 층을 유지하는 '플로팅'기법으로 만들며 가장 윗 단계에는 달달한 생크림이 올라가죠! 그래서 마실 때 입에 크림이 묻을 수 밖에 없답니다. 네, 여기까지만 할게요..","도수 ★★☆
단맛 ★★★
신맛 ☆☆☆
쓴맛 ★☆☆
탄산 ☆☆☆
얼음 ☆☆☆","아마레또 1/2oz
베일리스 1/2oz
휘핑크림 1/2oz
Tip: 아마레또(아몬드 맛) 대신 깔루아(커피 맛) 사용하는 경우도 많음, 용량에 큰 상관없이 비율만 1:1:1 (한입 사이즈로) 유지가 중요","  1. 샷 글라스에 아마레또를 따른다.
2. 바 스푼을 이용하여 베일리스를 천천히 따르며 각각 층을 유지한다(플로팅).
3. 가장 위에 휘핑크림을 얹는다.
Tip: 바 스푼이 없다면 작은 숟가락이나 젓가락으로도 가능, 층을 유지하는게 중요"
브랜디 알렉산더,"브랜디 알렉산더의 유래에 대해서는 정확히 알기 어렵지만, 현재 알려진 레시피가 최초로 등장한 계기는 1922년 런던에서 개최되었던 메리 공주와 라셀레스 공작의 결혼식이라고 합니다. 이후 영국과 미국 등 여러 나라에서 큰 인기를 얻고 각종 TV방송과 영화에서도 나타나며 유명세를 이어왔습니다.
 이름에서 알 수 있듯이 브랜디는 이 칵테일의 필수 재료인데요! 와인을 증류해서 만든 브랜디의 깊은 풍미와 잘 어울리는 초콜렛 리큐르와 우유 또는 크림이 들어가서, 디저트 칵테일답게 부드럽고 달달한 맛을 즐길 수 있답니다.","도수 ★★★
단맛 ★★☆
신맛 ☆☆☆
쓴맛 ★★☆
탄산 ☆☆☆
얼음 ☆☆☆","브랜디 3/4 oz
크렘 드 카카오 브라운 3/4 oz
우유 3/4 oz
(+) 가니쉬: 넛맥 가루
Tip: IBA 레시피는 우유대신 크림을 사용하며, 브랜디 중에서도 코냑으로 명시되어 있음","1. 칵테일(역삼각형 모양) 글라스에 얼음을 담아 칠링시킨다.
2. 쉐이커에 얼음을 가득 채우고 모든 재료를 따라넣는다.
3. 힘차게 쉐이킹을 해준다.
4. 글라스의 얼음을 빼고 쉐이커의 내용물을 얼음이 나오지 않도록 따른다.
5. 넛맥가루를 살짝 뿌려 장식해준다.
Tip: 우유 또는 크림과 같은 유제품은 강하게 쉐이킹해주면 부드럽게 섞임, 넛맥이 다소 강한 향신료이기 때문에 소량만 사용"
블루라군(숏 버전),"'푸른 석호'라는 뜻을 가진 칵테일답게 빠져들 듯한 푸른 색감이 매력적인 블루 라군! 1960년 또는 70년대 쯤 프랑스의 전설적인 바텐더라 불렸던 해리 맥엘론과 그의 아들 앤디 맥엘론에 의해 창시되었다고 합니다.
 보드카가 베이스인 블루 라군은 숏 드링크(6oz 미만의 용량이 적은 칵테일) & 롱 드링크(6oz 이상 용량이 많은 칵테일) 두 가지 버전의 레시피가 있는데요! 가장 큰 차이는 롱 드링크 버전에 사이다를 채워서 탄산감을 더하고 칵테일의 도수를 줄인다는 점입니다. 둘 다 보드카가 베이스이기 때문에 숏 드링크는 꽤나 도수가 높은 편이겠죠?","도수 ★★★
단맛 ★★☆
신맛 ★★☆
쓴맛 ★☆☆
탄산 ☆☆☆
얼음 ★☆☆","보드카 1 + 1/3 oz
블루 큐라소 1/2oz
레몬즙 1/2oz
(+) 가니쉬: 레몬 슬라이스 &체리","1. 칵테일(역삼각형 모양) 글라스에 얼음을 담아 칠링 시킨다
2. 쉐이커에 모든 재료를 넣고 얼음과 함께 빠르게 흔들어준다.
3. 글라스의 얼음을 빼고 쉐이커의 내용물을 얼음이 나오지 않도록 따른다.
4. 체리와 레몬 슬라이스로 장식해준다.
Tip: 칵테일에 간얼음을 추가하면 더욱 시원하고 술을 조금 희석하여 마시기 좋음"
마이타이,"마이타이는 타히티어로 '최고'라는 뜻을 가져 화려한 맛과 멋을 자랑하는 칵테일이랍니다! 1944년 캘리포니아에서 빅토르 줄스 베르겔론이라는 바텐더가 이국적인 칵테일을 만들기 위해 창시한 레시피라고 주장하는데요, 이 역시 마이타이의 유래에 대한 여러 가설 중 하나입니다.
 여러 버전의 레시피가 있지만, 공통적으로 모두 럼이 베이스인데요. 골드럼과 다크럼을 섞는 원조 레시피보다는, 1953년 하와이 호텔에서 관광객들의 입맛을 고려하여 화이트 럼을 사용한 '로얄 하와이안 마이타이'가 국내 조주기능사의 공식 레시피로 등록되었답니다. 그러나 여전히 도수 높은 럼이 많이 들어가는 칵테일이기 때문에 주스 맛에 속으면 큰일나요!","도수 ★★★
단맛 ★★☆
신맛 ★★☆
쓴맛 ★☆☆
탄산 ☆☆☆
얼음 ★★★","※ 조주기능사 레시피
화이트 럼 1 + 1/4 oz
트리플 섹 3/4 oz
라임즙 1 oz
오렌지 주스 1 oz
파인애플 주스 1 oz
그레나딘 시럽 1/4 oz
(+) 가니쉬: 파인애플 웨지 & 체리","1. 글라스에 얼음을 담아 칠링 시킨다.
2. 믹서기에 모든 재료를 넣고 얼음 1스쿱 (5~6개)과 함께 갈아준다.
3. 글라스의 얼음을 빼고 믹서기의 내용물을 따른다.
4. 칵테일 픽을 사용하여 파인애플과 체리로 장식해준다.
Tip: 믹서기로 갈 때 얼음이 자박자박하게 씹힐 정도로 남겨둘 것을 추천, 그레나딘 시럽을 같이 갈지 않고 마지막에 플로팅(층을 유지하며 천천히 따르는 기법) 해주면 예쁨"
아디오스 마더퍼커,"강렬한 이름으로 인상적인 칵테일, 아디오스 머더퍼커(잘가 개*끼야 라고 굳이 번역을 해봅니다ㅎ)는 AMF라고 줄여서 부르기도 하는데요! 칵테일계의 폭탄주로 유명한 롱아일랜드 아이스티를 원조로 변형된 레시피인 만큼 AMF도 참 많고 다양한 술들이 섞인 어마어마한 폭탄주랍니다.
 AMF에는 사이다와 함께 무려 5가지의 술이 들어가서 이름만큼 강렬한 도수를 자랑하죠. 하지만 롱티와 마찬가지로 달달한 맛에 가려져서 본인이 취하는지도 모르다가 어느새 뻗어있는 모습을 볼수도 있습니다. 주량이 약하신 분이라면 기억해두세요, 이름이 쎈 칵테일일수록 조심해야 한다는 것을..!","도수 ★★★
단맛 ★★☆
신맛 ★☆☆
쓴맛 ★☆☆
탄산 ★★☆
얼음 ★★☆","보드카 1/2 oz
진 1/2 oz
럼 1/2 oz
데킬라 1/2 oz
블루 큐라소 1/2 oz
스윗앤사워 믹스 2 oz
사이다 Fill Up
(+) 가니쉬: 레몬 슬라이스 또는 체리
  Tip: 블루큐라소를 트리플섹으로, 사이다를 콜라로 바꾸면 롱티 레시피!","1. 글라스에 얼음을 채운다.
2. 사이다를 제외한 모든 재료를 먼저 따른다.
3. 남은 공간을 사이다로 채우고 가볍게 저어준다.
4. 레몬 또는 체리(또는 둘 다)로 장식해준다."
예거밤,"폭발적인 에너지를 느낄 수 있는 예거밤, 파티나 클럽에서 텐션 높이는데 딱 좋은 칵테일이죠! 에너지 드링크의 카페인과 리큐르의 알코올이 만나 입은 행복하지만 위장이 박살나는 무시무시한 칵테일이기도 합니다ㄷㄷ
 아이러니하게도 예거밤에 쓰이는 '예거마이스터'는 독일에서 원래 각종 허브를 숙성시켜 감기약처럼 먹는 약용 리큐르로 개발된 것이었습니다. 계피, 생강, 오렌지껍질 등의 재료로 만들어서 수정과랑 맛이 비슷하다는 말도 있다네요! 예거밤의 에너지 드링크는 레드불이 정석이지만, 기호에 따라 핫식스나 박카스 등을 사용하셔도 상관없습니다.","도수 ★★☆
단맛 ★★☆
신맛 ★☆☆
쓴맛 ★☆☆
탄산 ★★★
얼음 ★★☆","예거마이스터 1oz
레드불 3oz
  Tip: 비율은 기호에 따라 조율 가능","1. 글라스에 얼음을 채운다.
2. 리큐르와 에너지 드링크를 순서대로 따른다.
3. 탄산이 빠지지 않도록 천천히 저어준다. 
  Tip: 화려한 퍼포먼스로 '예거 트레인' 도전! 레드불이 담긴 잔 위로 예거마이스트 샷잔을 올려놓고 기차처럼 쭈욱 나열해서 한 번에 쓰러뜨리기~"
버번콕," 버번(Bourbon)은 미국 위스키의 한 종류로, 보리나 호밀 등으로 만드는 일반 위스키와 달리 옥수수가 핵심 재료랍니다. 버번이라 칭하는 기준이 있지만, 요즘에는 간단하게 ""버번 = 아메리칸 위스키"" 라고 인식하는 경우가 많습니다. 대표적으로 짐빔, 잭다니엘, 와일드 터키 등 익숙한 브랜드가 많죠! (잭다니엘은 미국의 테네시(Tennessee)주에서 독립적으로 만든 '테네시 위스키'로 버번에서 제외된고도 하네요)
 40도 이상의 높은 도수를 가진 위스키이기 때문에 콜라에 섞어서 '버번콕' 으로 마시기 딱 좋답니다. 개인적으로 버번은 미국 음식 특유의 묵직하고 느끼한 맛이 있는데, 그래서인지 가벼운 토닉워터(하이볼)보다는 비슷하게 헤비한 느낌의 콜라가 훨씬 잘 어울리는 것 같아요!","도수 ★☆☆
단맛 ★★☆
신맛 ☆☆☆
쓴맛 ★☆☆
탄산 ★★★
얼음 ★★☆","버번 2oz
콜라 4oz
  Tip: 재료의 비율은 기호에 따라 조율","1. 글라스에 얼음을 채운다.
2. 버번과 콜라를 따른다.
3. 가볍게 저어준다.
  Tip: 탄산이 날아가지 않게 천천히 저어주기, 레몬 1조각 짜서 넣으면 상큼함 UP!"
애플 마티니,"보기만해도 새콤한 풋사과 맛이 느껴질 것만 같은 초록빛을 띄는 애플마티니! 1996년에 '아담 카스턴'이라는 바텐더가 만든 애플 마티니는 다른 칵테일에 비해 비교적 짧은 역사를 가졌지만, 미국 드라마 '섹스앤더시티'에도 자주 등장하며 특히 여성분들 사이에서 굉장히 인기가 많았습니다.
 아이러니하게도 기존의 마티니와의 공통점은 딱 한 가지, 트레이드마크인 역삼각형 모양의 글라스 뿐인데요. 일반적으로 불리는 '마티니'는 드라이 진과 베르무트를 사용하는 반면에, 애플 마티니는 보드카와 사과 리큐르로 조금 더 상큼하고 부드러운 맛을 즐길 수 있답니다.","도수 ★★★
단맛 ★★☆
신맛 ★★☆
쓴맛 ★☆☆
탄산 ☆☆☆
얼음 ☆☆☆","보드카  1 oz
애플퍼커  1 oz
라임주스 1/2 oz
(+) 가니쉬: 사과 슬라이스","1. 마티니 글라스에 얼음을 미리 채워 칠링 시킨다.
2. 쉐이커에 얼음을 가득 채우고 모든 재료를 따라넣는다.
3. 10-15회 정도 부드럽게 쉐이킹해준다.
4. 글라스에 얼음을 빼고 쉐이커에서도 얼음 없이 내용물을 따른다.
5. 사과 슬라이스로 장식한다."
스크류드라이버,"한국에서는 단순히 '드라이버'라고 불리는 공구의 이름을 가진 칵테일, 스크루 드라이버! 굉장히 단순한 레시피를 가진 반면에 이 칵테일의 유래에 대해서는 매우 많은 가설이 있답니다. 그 중에서 가장 흔히 알려진 이야기는 미국 노동자들이 감독관 몰래 술을 마시기 위해 주스에 보드카를 타서 가지고 있던 공구로 휘저었다는 내용이죠.
 도수가 높은 보드카가 들어가지만 오렌지 주스의 맛이 워낙 강해서 술 맛이 거의 나지 않는 칵테일로도 유명하답니다. 칵테일 바에서 주문할 때, 바텐더에게 부탁드려서 보드카의 양을 조정할 수 있는 경우도 많으니 기호에 맞게 드시기 바랍니다!","도수 ★☆☆
단맛 ★★☆
신맛 ★★☆
쓴맛 ★☆☆
탄산 ☆☆☆
얼음 ★★☆","보드카 1 oz 
오렌지 주스 Fill Up
(+) 가니쉬: 오렌지 슬라이스
  Tip: 보드카의 양은 기호에 맞게 조정하기!","1. 글라스에 얼음을 먼저 채운다.
2. 보드카와 오렌지 주스를 순서대로 따른다.
3. 바 스푼으로 잘 저어주고 가니쉬로 장식한다.
Tip: 집에서 초-초초간단한하게 하려면 얼음도 생략, 가니쉬도 생략 가능"
화이트 러시안,"화이트 러시안은 이전에 소개드렸던 블랙 러시안에 크림 또는 우유를 추가한 버전인데요! 그래서 블랙 러시안과 마찬가지로, 흰색이며 러시아 술인 보드카가 들어간다는 의미로 매우 직관적인 이름을 가지고 있죠. 국제 바텐더 협회(IBA)의 레시피에서는 생크림을 사용하지만, 국내 칵테일 바에서는 우유로 만든 화이트 러시안을 더 흔히 볼 수 있습니다.
 달달하고 부드러운 맛을 가진 화이트 러시안은  지금의 명성과 달리 초기에 꽤나 긴 무명 시절을 거쳤습니다. 그러다 1998년에 ""위대한 레보스키"" 라는 영화에서 주인공이 화이트 러시안을 즐겨마시는 장면들이 자주 나오면서 폭발적인 인기를 가지게 되었답니다.","도수 ★★★
단맛 ★★☆
신맛 ☆☆☆
쓴맛 ★★☆
탄산 ☆☆☆
얼음 ★☆☆","보드카  1 + 2/3 oz
깔루아  2/3 oz
생크림 또는 우유  1 oz
  Tip: 생크림은 묵직하고 달달한 맛, 우유는 부드럽고 고소한 맛을 내기 때문에 취향에 따라 선택!","1. 올드패션드 글라스에 얼음을 미리 넣어 칠링 시킨다.
2.  보드카와 깔루아를 먼저 순서대로 따른다.
3. 크림 또는 우유를 조심스럽게 부어서 층을 만들어준다."
피냐콜라다,"""삐냐(piña)""는 스페인어로 파인애플을 의미하며, 한국에서는 외래어 표기법에 의해 ""피냐"" 또는 ""피나""로 통용된답니다. 즉, 피냐콜라다는 새콤달콤한 파인애플과 진한 코코넛 향이 어우러진 열대 칵테일이죠! 푸에르토리코의 공식음료로 지정되어 많은 사랑을 받고 있음과 동시에, 흥미롭게도 피나콜라다의 레시피 창시자에 대한 의견이 분분한데요.
 19세기에 한 해적이 선원들을 위해 처음 만들었다는 주장과 반면에, 1954년에 '로베르토 코프레시'라는 바텐더가 코코넛 속을 파서 만든 그의 시그니쳐 레시피라고도 합니다. 하지만 또 다른 바텐더가 코코넛 대신 파인애플로 현재 알려진 피나콜라다 레시피를 완성했기에, 이 칵테일의 창시자를 누구라고 명명할지 참 난관이죠!","도수 ★☆☆
단맛 ★★☆
신맛 ★☆☆
쓴맛 ★☆☆
탄산 ☆☆☆
얼음 ★★★","화이트 럼 1 + 1/4 oz
피냐콜라다 믹스 2 oz
파인애플 주스 2 oz
(+) 가니쉬: 파인애플 웨지 & 체리
  Tip: 국제 바텐더 협쇠 (IBA) 레시피는 럼과 코코넛 향이 강해짐!
화이트 럼 1 + 2/3 oz
코코넛 크림 1 oz
파인애플 주스 1 + 2/3 oz
(+) 가니쉬: 파인애플 웨지 & 체리","1. 글라스에 얼음을 채워 미리 칠링해둔다.
2. 얼음 1 스쿱(각얼음 기준 4~5개)을 믹서기에 다른 재료들과 함께 갈아준다.
3. 글라스의 얼음을 빼고 믹서기의 내용물을 따른다.
4. 파인애플 웨지와 체리로 장식해준다.
Tip: 믹서기에 가는 '블랜드 기법'은 IBA 레시피에도 마찬가지, 이때 주스 대신 실제 파인애플을 사용해도 맛있음!"
파우스트,"파우스트는 독일의 유명한 고전작가 괴테의 희곡을 모티브로 만들어졌다고 하는데요! 악마와 계약을 맺은 주인공이 결국엔 영혼을 빼앗기는 비극적인 내용의 작품이라고 합니다. 어쩌면, 이 칵테일도 조심하지 않으면 비극적인 흑역사로 남을지도 모르죠...
 파우스트에는 '오버프루프 럼', 즉 표준량보다 더 높은 알콜 함량을 지닌 럼이 들어간답니다. 특유의 붉은 색감은 '크렘 드 카시스'라는 베리 리큐르 때문인데요! 그래서 마치 악마의 유혹처럼 달콤하면서 금방 죽을 수도 있는 어마어마한 칵테일이랍니다.","도수 ★★★
단맛 ★★★
신맛 ☆☆☆
쓴맛 ★★☆
탄산 ☆☆☆
얼음 ★☆☆","오버프루프 럼 1 oz
화이트 럼 1 oz
크렘 드 카시스 1/2 oz
Tip: 대표적으로 사용되었던 오버프루프 럼은 '바카디 151'이었으나, 2016년에 단종된 이후 주로 '론디아즈 151' 등의 제품으로 대체","1. 올드패션드 글라스에 얼음을 2/3 정도로 채워준다.
2. 오버프루프 럼, 화이트 럼, 카시스 순서대로 따른다.
3. 잘 섞이도록 바 스푼으로 저어준다.
Tip: 카시스 특유의 진하고 끈적거리는 특성 때문에 다른 술과 잘 섞이도록 충분히 저어줘야 함!"
오르가즘,"오르가즘은 마시면 달콤하고 깊은 맛에 절정을 느낀다 하여 붙여진 이름이라는 이야기가 있죠! 한때 섹스와 연관된 이름의 칵테일을 만드는 것이 유행이었다고 합니다. 2006년에 국제 바텐더 협회(IBA)에 등록되었으나, 이후 2011년 말에 다시 제외되고 IBA 공식 레시피 외에도 다양한 레시피와 변형된 버전의 오르가즘 칵테일이 생겼답니다.
 그 중에서 “BACK” 레시피라고 하여 베일리스(B), 아마레또(A), 크림(C), 깔루아(K)로 만든 오르가즘을 흔히 찾을 수 있습니다. 이를 변형한 “Screaming Orgasm”은 오르가즘 레시피에 보드카를 추가하여 더욱 강렬하게 술기운을 느낄 수 있죠.","도수 ★★☆
단맛 ★★★
신맛 ☆☆☆
쓴맛 ☆☆☆
탄산 ☆☆☆
얼음 ★☆☆","베일리스 1 oz
아마레또 1 oz
깔루아 1 oz
하프앤하프 크림 1 oz
(+) 가니쉬: 체리
Tip: 크림 대신에 우유를 사용해도 깔끔하고 맛있음! 도수 조절을 위해 크림 또는 우유의 비중을 늘려도 좋음","1. 글라스에 얼음을 3-4개 넣는다.
2. 쉐이커에 얼음을 가득 채우고 베일리스, 아마레또, 깔루아를 따른다.
3. 글라스에 얼음이 나오지 않도록 쉐이커의 내용물만 따른다.
4. 크림 또는 우유를 따르고 체리로 장식한다.
Tip: 쉐이커가 없는 경우, 글라스에 재료를 순서대로 따라넣는 빌드 기법으로도 가능함"
위스키 사워,"칵테일에 ‘사워(Sour)’가 붙으면 신 맛이 특징적이라는 뜻인데요, 그 중에서 버번 위스키에 레몬 주스를 넣어 새콤하고 청량감 있게 마시는 것이 바로 위스키 사워랍니다. 살짝의 설탕을 이용하여 단 맛과 신 맛의 밸런스를 맞추는 것이 관건이라고 해요.
 무려 150년이 넘은 레시피로서 그 유래는 정확히 알 수 없지만, 원조 레시피에는 계란 흰자를 넣어 더욱 깊고 부드러운 맛을 내었답니다. 현대 조주기능사 레시피에서는 빠진 재료지만, 한번쯤 원조 레시피대로 위스키 사워를 파는 칵테일 바를 찾아 맛보는 것도 추천해요!","도수 ★★☆
단맛 ★★☆
신맛 ★★☆
쓴맛 ★☆☆
탄산 ★☆☆
얼음 ☆☆☆","버번 위스키 1 + 1/2 oz
레몬주스 1/2 oz
설탕 1 tsp
탄산수 1 oz
(+) 가니쉬: 슬라이스 레몬 & 체리","1. 칵테일 글라스에 얼음을 가득 채워 칠링한다.
2. 쉐이커에 얼음을 채우고 위스키, 주스, 설탕을 넣고 부드럽게 흔들어준다.
3. 칠링된 글라스의 얼음을 빼고, 쉐이커의 얼음이 나오지 않도록 내용물을 따른다.
4. 탄산수를 따르고 바 스푼으로 가볍게 저어준다.
5. 칵테일 픽을 이용하여 레몬과 체리로 장식한다.
*칠링 - 글라스에 얼음을 넣어 미리 차갑게 만드는 것"
모스코 뮬,"모스코 뮬은 이름과 달리 러시아가 아닌 미국에서 1940년경에 만들어진 칵테일인데요, 당시 판매율이 부진했던 스미노프 보드카의 홍보를 위해 처음 만들었다고 합니다. 이 칵테일의 폭발적인 인기로 미국 전역에 보드카가 유명해진 계기가 되었죠.
 칵테일 서빙을 위해 노새가 그려진 구리 머그를 대량 구입하면서 ‘모스크바의 노새’라는 이름이 붙게 되었어요. 그 이후로 모스코 뮬은 구리 컵에 서빙되는게 일종의 국룰이라고 하네요! ","도수 ★★☆
단맛 ★☆☆
신맛 ★☆☆
쓴맛 ★☆☆
탄산 ★★☆
얼음 ★★☆","보드카 1 + 1/2 oz
라임 주스 1/2 oz
진저에일
(+) 가니쉬: 레몬 슬라이스
*슬라이스: 과일을 세로 단면으로 자른 모양","1. 하이볼 글라스에 얼음을 채운다.
2. 보드카와 라임 주스를 넣는다.
3. 진저에일로 남은 공간의 80%를 채우고 가볍게 저어준다.
4. 레몬 슬라이스로 장식한다.
Tip: 정통 구리 머그컵이 있다면 분위기 Up!"
옥보단,"‘옥보단’은 본래 중국의 고전 에로소설의 제목으로, 이를 각색한 홍콩 성인영화 ‘육보단’의 한국 상영 제목이기도 했답니다. 즉, 이 칵테일은 성인영화를 이름으로 따온 만큼 아주 화끈한 이야기를 가지고 있죠!
 마가리타 글라스에 서빙되는 옥보단은 아래에서 보면 마치 여성의 가슴처럼 보이기도 하며, 옥보단을 마시다보면 잔 주위의 설탕이 입가에 묻어서 핥아먹는 모습까지 야릇한 분위기를 자아낸다고 합니다.","도수 ★☆☆
단맛 ★★★
신맛 ★☆☆
쓴맛 ☆☆☆
탄산 ☆☆☆
얼음 ☆☆☆","복숭아 리큐르 1/2 oz
말리부 럼 1/2 oz
그레나딘 시럽 1/2 oz
레몬 주스 1/2 oz
라임 주스 1/2 oz
오렌지 주스 2/3 oz","1. 쉐이커에 얼음 넣고 그레나딘 시럽을 제외한 모든 재료들을 흔들어준다.
2. 마가리타 글라스의 테두리에 라임즙을 바르고 설탕을 묻혀준다.(리밍)
3. 쉐이킹한 재료는 얼음이 나오지 않도록 걸러서 글라스에 따른다.
4. 시럽을 천천히 부으며 섞이지 않도록 층을 유지한다.(플로팅)
*리밍 - 글라스의 테두리를 따라 설탕이나 소금을 묻히는 기법
*플로팅 - 칵테일의 층을 유지하며 재료를 천천히 띄우는 기법
 "
준벅,"준벅(June Bug)이라는 이름은 6월에 자주 등장하는 곤충을 본 따 만든 것이라는 설이 있는데요! 메인 재료인 멜론 리큐르가 준벅의 특징적인 초록 색감을 만들어주며, 달달한 멜론과 함께 다양한 열대과일의 맛을 느낄 수 있는 칵테일입니다.
 초여름의 푸르름을 표현한 이 칵테일은 재미있게도 레스토랑 체인 TGI Fridays의 국내 지점에서 개발되었다고 합니다. 해당 레스토랑의 웹사이트에 의하면 “한국인이 만든 세계적인 칵테일”이라고 소개되어 있죠.","도수 ★☆☆
단맛 ★★★
신맛 ★☆☆
쓴맛 ☆☆☆
탄산 ☆☆☆
얼음 ★★☆","미도리 1 oz
말리부 1/2 oz
크렘 드 바나나 1/2 oz
스윗 앤 사워 믹스 2 oz
파인애플 주스 2 oz
(+) 가니쉬: 웨지 파인애플 & 체리
Tip: 기호에 따라 사워믹스를 줄이고 설탕시럽을 추가하여 조금 더 달달하게 마실 수 있음","1. 글라스에 얼음을 담아 칠링 시킨다.
2. 쉐이커에 얼음과 함께 모든 재료를 넣고 강하게 흔들어준다.
3. 글라스의 얼음을 빼고 쉐이커의 내용물을 얼음이 나오지 않도록 따른다.
4. 웨지 파인애플과 체리로 장식해준다."
블루사파이어,"블루사파이어는 보석처럼 영롱하게 빛나는 푸른 색감과 청량한 맛이 특징적인 칵테일이죠! 간혹 블루하와이 또는 블루하와이언이라는 칵테일과 헷갈려 하는 경우도 있는데, 이 둘의 가장 큰 차이는 맛과 탄산의 유무라고 볼 수 있겠습니다.
 하와이 계열의 칵테일에는 파인애플 주스가 들어가서 맛이 새콤하고 색이 탁한 반면, 블루사파이어에는 토닉워터 또는 사이다를 넣어 상큼청량한 맛과 투명한 색감이 특징적이랍니다.","도수 ★★☆
단맛 ★★★
신맛 ★★☆
쓴맛 ☆☆☆
탄산 ★★☆
얼음 ★★☆","블루큐라소 1/2 oz
피치트리 1/2 oz
말리부 1/2 oz
레몬주스 1/2 oz
토닉워터 또는 사이다 등의 탄산수
Tip: 레몬주스도 라임주스 또는 샤워믹스로 대체 가능","1. 탄산수를 제외한 모든 재료를 얼음과 함께 쉐이커에 담는다.
2. 강하게 쉐이킹을 해준 후 얼음과 함께 글라스에 따른다.
3. 탄산수로 남은 공간을 채워준다.
Tip: 가니쉬는 대체로 레몬 웨지 또는 슬라이스로 장식함"
쿠바리브레,"뜻깊은 역사적 배경을 지니고 있는 칵테일, 쿠바리브레! 쿠바의 독립운동 당시 생겨난 ""Viva cuba libre(자유 쿠바 만세)""의 구호에서 유래되어 자유와 화합을 상징하는 칵테일이랍니다.
 쿠바리브레에 콜라가 들어가서 언뜻 보면 롱아일랜드 아이스티와 비슷해 보이지만, 술은 럼 하나만 들어가기 때문에 훨씬 도수가 낮답니다. 유명한 미국 시트콤 '빅뱅이론'에서 주인공이 '버진 쿠바리브레(즉, 럼을 뺀 그냥 콜라..)'를 주문하는 재미있는 에피소드도 있었죠!","도수 ★☆☆
단맛 ★★☆
신맛 ★☆☆
쓴맛 ☆☆☆
탄산 ★★★
얼음 ★★☆","화이트 럼 1 + 1/2 oz
라임 주스 1/2 oz
콜라
(+) 가니쉬: 라임 웨지
*웨지 - 과일을 한입 크기로 대각선으로 자른 모양","1. 잔에 얼음을 가득 채운다.
2. 럼과 라임주스를 먼저 따른다.
3. 남은 공간은 콜라로 채우고 천천히 저어준다.
4. 라임 웨지로 장식해준다."
피치크러시,"너무나 유명한 피치크러시, 상콤달콤한 복숭아와 크랜베리의 조화에다 낮고 부담없는 알콜도수 덕분에 많은 사랑을 받고 있죠. 하지만 그 유명세와 달리, 국내 조주기능사 또는 국제 바텐더 협회(IBA)에 정식으로 등록되지 않은 칵테일이랍니다.
 정형화된 레시피가 없다보니, 오히려 바텐더마다의 특별한 레시피로 더욱 다양하게 즐길 수 있는게 매력이죠! 실제 복숭아를 으깨어 청으로 넣어서 더욱 달달하게 서빙되는 곳도 있답니다.","도수 ★☆☆
단맛 ★★★
신맛 ★★☆
쓴맛 ☆☆☆
탄산 ☆☆☆
얼음 ★★☆","복숭아 리큐르 1 + 1/2 oz
스윗앤사워믹스 2 oz
크랜베리주스
Tip: 공식 레시피가 없기 때문에 재료도 천차만별! 스윗앤사워믹스 대신 레몬주스를 사용하거나 복숭아 청 또는 시럽을 추가하는 등 취향에 맞게 도전~","1. 글라스에 얼음을 채운다.
2. 복숭아 리큐르와 스윗앤사워 믹스를 따른다.
3. 남은 공간은 크랜베리 주스로 채우고 가볍게 저어준다.
Tip: 재료를 순서대로 글라스에 따르는 '빌딩' 기법 외에도 쉐이커로 한번 쉐이킹을 해주는 방법도 있음! "
하이랜드 쿨러," 이름에 '쿨러'가 붙는 칵테일은 대체로 청량감이 있고, 길쭉한 원통형의 하이볼 글라스에 제공되는 차가운 칵테일을 의미해요. 하이랜드 쿨러는 스코틀랜드의 하이랜드 지방에서 만든 스카치 위스키를 사용하여 만든 하이볼의 변형이랍니다.
 대표적인 하이랜드 지방의 위스키로는 글렌드로낙, 달위니 등이 있죠. 이 칵테일은 흔히 알고 있는 하이볼과 비슷하게 위스키 향이 은은하게 나면서 시원한 청량감이 느낄 수 있는 맛이랍니다.","도수 ★☆☆
단맛 ★★☆
신맛 ★☆☆
쓴맛 ☆☆☆
탄산 ★★★
얼음 ★★☆","스카치 위스키 1 + 1/2 oz
레몬 주스 1/2 oz
설탕시럽 1/2 oz
진저에일","1. 하이볼 글라스에 얼음을 채운다.
2. 스카치 위스키, 레몬주스, 설탕시럽을 차례대로 글라스에 따른다.
3. 진저에일오 남은 공간을 채우고 가볍게 저어준다.
Tip: 세게 저으면 탄산이 쉽게 빠지기 때문에 천천히 저어야 함"
코스모폴리탄,"코스모폴리탄은 예쁜 색과 달콤새콤한 맛의 이면에 20도 이상의 무시무시한 도수를 지니고 있답니다. 도수 높은 술 답게 비교적 양이 적은 역삼각형 모양의 칵테일 글라스에 담겨서 서빙이 되죠!
 인기 있는 미국 시트콤 '섹스 앤 더 시티'에서 주인공 캐리가 즐겨마시는 것으로 더욱 유명해진 칵테일이예요. 붉은 색감을 만들어주는 크랜베리 주스를 빼면 더욱 술맛이 강한 '카미카제'라는 칵테일이 된답니다.","도수 ★★★
단맛 ★★☆
신맛 ★★☆
쓴맛 ★☆☆
탄산 ☆☆☆
얼음 ☆☆☆","보드카 1 oz
트리플섹 1/2 oz
라임 주스 1/2 oz
크랜베리 주스 1/2 oz
(+) 가니쉬: 레몬 필 트위스트
* 필 트위스트 - 과일의 껍질을 나선형으로 깍은 모양","1. 칵테일 글라스에 얼음을 2-3 조각 넣어 칠링한다.
2. 쉐이커에 얼음과 모든 재료를 넣고 쉐이킹한다.
3. 글라스 안에 있던 얼음을 버린 후 쉐이커에서 얼음을 제외하고 내용물을 따른다.
4. 레몬 필 트위스트로 장식한다.
*칠링 - 미리 글라스를 차갑게 냉각시키는 것"
진토닉," 진토닉의 유래는 굉장히 흥미로운데요! 과거 영국이 인도를 식민지로 지배하던 시절, 말라리아 예방을 위해 복용했던 퀴닌의 쓴 맛을 가리기 위해 물, 설탕, 라임, 그리고 군인들에게 지급되던 진을 섞어 마셨던 것에서 시작되었다고 합니다.
 여기서 물, 설탕, 퀴닌 조합에 탄산까지 추가되어 발전한 것이 우리가 아는 토닉워터죠! 하지만 한국에서는 퀴닌이 의약품으로 분류되어 토닉워터 제조과정에서 빠지기 때문에 외국의 토닉과는 맛이 조금 다를 수 있답니다.","도수 ★☆☆
단맛 ★★☆
신맛 ☆☆☆
쓴맛 ☆☆☆
탄산 ★★★
얼음 ★★☆","진 1 + 1/2 oz
토닉워터
(+) 가니쉬 - 레몬 슬라이스
*슬라이스 - 과일을 한 입 크기로 반달 모양의 평면으로 자른 모양","1. 글라스에 얼음을 채운다.
2. 진을 먼저 따르고 토닉워터로 남은 공간을 채워준다.
3. 천천히 저어준 후 레몬으로 장식한다.
Tip: 레몬은 넣기 전에 살짝 즙을 짜주면 더 상큼한 맛을 낼 수 있음"
아그와밤," 작은 호리병 모양의 전용잔이 트레이드마크인 아그와밤! 밑에는 주황빛 에너지 드링크가, 위에는 녹색빛 아그와가 선명하게 나뉘어져 있기 때문에 한번에 원샷하며 마셔야 두 맛을 제대로 즐길 수 있답니다.
 아그와는 코카 잎과 녹차, 생강 등의 원료로 만들어진 허브 리큐르이며 제조 과정에서 코카인 마약성분이 제거되고 특유의 상쾌한 풀잎 향이 남는다고 합니다. 30%의 도수를 가진 아그와, 그리고 에너지를 확 올려주는 레드불을 합친 아그와밤은 파티에서 텐션 UP 시키기 딱이죠!","도수 ★★★
단맛 ★★☆
신맛 ☆☆☆
쓴맛 ★★☆
탄산 ★☆☆
얼음 ☆☆☆","아그와 1 oz
레드불 2 oz
(+) 전용잔
Tip: 아그와 전용잔의 호리병 모양이 층을 쌓는 '플로팅'기법을 사용하기에 용이하지만, 일반 샷잔으로도 가능함","1. 샷잔에 레드불을 먼저 따른다.
2. 기포가 어느정도 사라지면 잔을 기울여서 최대한 벽면을 따라 천천히 아그와를 따르며 두 층을 유지한다.
Tip: 레드불은 취향에 따라 핫식스로 대체 가능"
섹스온더비치,"굉장히 핫-한 이름으로 유명한 섹스온더비치는 1987년, 미국의 마이애미 해변에서 처음 시작되었는데요! 당시 한 칵테일 경연에 참가했던 바텐더, 테드 피지오가 개발한 칵테일로 알려져 있습니다.
 피치 스냅스(복숭아 향의 리큐르 종류)를 선전하는 이 경연에서 피지오는 마이애미 해변을 상징하는 칵테일을 구상했죠. 그는 관광객들이 그 곳을 찾는 가장 큰 이유가 바로 '섹스'와 '해변'이라 생각하여 이와 같은 이름을 붙였다고 합니다.","도수 ★☆☆
단맛 ★★★
신맛 ★★☆
쓴맛 ☆☆☆
탄산 ☆☆☆
얼음 ★★☆","보드카 1 + 1/3 oz
피치 스냅스 2/3 oz
크랜베리 주스 1 + 1/3 oz
오렌지 주스 1 + 1/3 oz
(+) 가니쉬: 오렌지 슬라이스
*슬라이스 - 과일을 세로 단면으로 얇게 자른 모양","1. 글라스에 얼음을 채운다.
2. 보드카와 피치 스냅스를 먼저 따른다.
3. 오렌지와 크렌베리 주스를 따른다.
4. 오렌지 슬라이스로 장식한다.
Tip: 섹스온더비치 레시피에서 오렌지 주스를 빼면 '우우'라는 칵테일이 되는데, 오렌지 주스를 별로 안 좋아한다면 추천!"
블루하와이안,"영롱한 푸른색감을 자랑하는 블루하와이안은 럼을 기반으로 한 칵테일이예요. 이와 매우 비슷한 '블루하와이'도 있는데, 기본적으로 두 칵테일의 차이는 코코넛 맛의 유무랍니다. 블루하와이안에만 코코넛 크림 또는 그 향이 가미된 말리부 럼이 들어가죠.
 이 칵테일은와이키키에 위치한 힐튼 하와이안 빌리지 호텔의 유명한 바텐더, 해리 예(Harry Yee)로 부터 개발되었답니다. 이와 같은 트로피컬 계열의 칵테일을 여러 종류 개발해냈던 당시 최고의 인기 바텐더였다고 해요!","도수 ★★☆
단맛 ★★★
신맛 ★☆☆
쓴맛 ☆☆☆
탄산 ☆☆☆
얼음 ★★★","화이트 럼 1 oz
블루 큐라소 1 oz
말리부 럼 1 oz
파인애플 주스 - 2 + 1/2 oz
(+) 가니쉬: 웨지 파인애플 & 체리
*웨지 - 과일을 한 입 크기로 대각선으로 자른 모양","1. (선택) 글라스에 미리 얼음을 넣어 칠링한다.
2. 쉐이커에 모든 재료를 넣고 쉐이킹해준다.
3. 글라스에 넣어뒀던 얼음을 새 것으로 갈아주고 쉐이킹한 재료를 따른다.
4. 칵테일 픽으로 체리와 파인애플을 꽂아 장식한다.
Tip: 조주기능사 레시피에는 말리부 럼을 사용하지만 더 단 맛을 위해 코코넛 크림으로 대체해도 맛있음"
블랙러시안,"블랙러시안은 이름이 매우 직관적인데요, '검은색'을 띠고 '러시아' 술인 보드카가 들어가서 지어졌다고 합니다. 커피 리큐르인 깔루아가 들어가기 때문에 향긋한 커피향을 느끼면서 취할 수 있는 도수가 높은 칵테일이죠.
 블랙러시안에 우유 또는 크림을 넣어서 조금 더 부드럽게 마실 경우엔 화이트 러시안이 된답니다. 재미있게도 보드카 대신 소주를 넣어 만든 '블랙 코리안'도 있다고 하네요!","도수 ★★★
단맛 ★★★
신맛 ☆☆☆
쓴맛 ★★☆
탄산 ☆☆☆
얼음 ★☆☆","보드카 1 oz
깔루아(커피 리큐르) 1/2 oz","1. 올드패션드 글라스에 얼음을 3-4개 넣는다.
2. 베이스인 커피 리큐르부터 따른다.
3. 보드카까지 따르고 저어준다.
*올드패션드 글라스 - 위아래가 짧은 원통형의 잔(짧둥한!)"
베일리스 밀크,"베일리스는 1974년 아일랜드에서 만들어진 세계 최초의 '크림 리큐르'라고 해요. 낙농업과 위스키로 유명한 지역에서 탄생하여 풍미 깊은 아이리쉬 크림과 진한 위스키, 그리고 고급스러운 초콜릿과 바닐라의 조화를 맛볼 수 있는 술이랍니다.
 부드러운 초콜릿 크림 맛을 자랑하는 베일리스는 칵테일 외에도 케이크, 아포가토, 밀크쉐이크 등 다양한 디저트에도 활용할 수 있답니다. 물론 우유만 섞어서 그 부드러움을 최대로 즐길 수 있는 '베일리스 밀크'도 훌륭하죠!","도수 ★☆☆
단맛★★★
신맛 ☆☆☆
쓴맛 ☆☆☆
탄산 ☆☆☆
얼음 ★☆☆","베일리스 1 oz
우유 3 oz
Tip: 비율은 취향에 맞게 자유롭게 조절!","1. 올드패션드 잔에 얼음을 넣는다.
2. 베일리스를 먼저 따른 후 우유를 넣는다.
3. 완성해버렸다.
Tip: 얼음이 녹을수록 우유의 맛이 묽어지기 때문에 얼음은 많이 넣지 않는 것을 추천!
Tip: 대체로 우유+술 조합의 칵테일은 전반적으로 양이 적어서 짧은 원통형의 '올드패션드 글라스'를 사용함"
모히또,"모히또의 유래에는 다양한 가설이 있지만, 그 중에서 가장 유명한 것은 영국의 탐험가 프란시스 드레이크와 연관된 것입니다. 1586년에 드레이크가 쿠바 해안에 상륙하려고 했을 때, 당시 스페인의 왕이었던 필립 2세가 이를 아즈텍의 황금을 노린 공격으로 오해하고 무장한 채 기다렸다고 해요.
 정작 싸울 생각이 없었던 드레이크의 함선은 하바나 포대에서 몇 발 쏘지도 않았는데 바로 도망치자 스페인 군은 굉장히 의아해했죠. 이때 드레이크의 이름을 본따 만들어진 칵테일, ""Draque(또는 Drake)""가 모히또의 원조 레시피라고 합니다.","도수 ★☆☆
단맛 ★★☆
신맛 ★☆☆
쓴맛 ☆☆☆
탄산 ★★★
얼음 ★★☆","화이트 럼 1 + 1/2 oz
라임 주스 2/3 oz
백설탕 1/8 oz
민트 잎 6pcs
탄산수
(+) 가니쉬: 민트 잎과 라임 슬라이스
* 슬라이스 - 과일을 얇은 단면으로 조각내 자름","1. 민트 잎과 설탕, 그리고 라임 주스를 섞는다.
2. 탄산수를 소량 따르고 바 스푼으로 저어주며 설탕을 녹인다.
3. 얼음으로 잔을 채운 후 럼을 따른다.
4. 남은 공간은 탄산수로 채우고 재료를 가볍게 다시 섞어준다.
5. 민트 잎과 라임 슬라이스로 장식해준다.
Tip: 국제 바텐더 협회(IBA)의 레시피에 설탕을 사용하지만, 좀 더 잘 녹이기 위해 시럽으로 대체해도 맛있음!"
롱아일랜드 아이스티,"롱일랜드 아이스티, 줄여서 '롱티'라고도 자주 불리는 이 칵테일은 달콤한 콜라 향에 숨겨진 꽤나 높은 알콜도수를 자랑한답니다. 데킬라, 럼, 보드카 등 다양한 양주가 들어가는 칵테일계의 진정한 폭탄주로 많은 사랑을 받고 있죠!
 롱티는 미국의 금주법 시대에 만들어진 레시피라는 설이 있답니다. 술을 구하기 어려웠기에 소량으로 남았던 술들 종류불문하고 다 넣어서 한 번에 마시기 위해 섞은 것에서부터 시작되었다고 해요. 그래서인지 달콤한 콜라로 위장하기 딱 좋은 맛과 외형을 가졌으나, 한 잔으로도 금방 취할 수 있으니 방심은 금물!","도수 ★★★
단맛 ★★☆
신맛 ☆☆☆
쓴맛 ★☆☆
탄산 ★★★
얼음 ★★☆","보드카 1/2 oz
데킬라 1/2 oz
진 1/2 oz
럼 1/2 oz
트리플섹 1/2 oz
사워믹스 1 + 1/2 oz
콜라
(+) 가니쉬: 레몬 웨지
*웨지 - 과일을 대각선으로 조각내 자른 것","1. 글라스에 얼음을 먼저 넣는다.
2. 보드카, 데킬라, 진, 럼, 그리고 트리플섹을 먼저 따른 후 사워믹스까지 넣는다.
3. 남은 공간은 콜라로 가득 채워준다.
4. 바 스푼으로 천천히 저어주고 웨지 레몬으로 장식한다.
Tip: 너무 세게 저으면 콜라의 탄산이 쉽게 빠지기 때문에 천천히 저어줘야 함!"
데킬라 선라이즈,"데킬라는 멕시코의 ""할리스코(Jalisco)"" 주에 위치한 ""데킬라(Tequila)"" 지역에서만 생산되는 증류주입니다. 이를 활용한 '데킬라 선라이즈'는 이름에 걸맞게 멕시코의 일출을 표현한 칵테일이죠. 데킬라를 포함하지 않은 논알콜 버전의 '선라이즈'와 일출이 아닌 일몰을 표현한 '데킬라 선셋'과 같이 변형된 레시피도 있답니다.
 데킬라 선라이즈는 세 가지 재료만 있으면 누구나 손쉽게 만들 수 있어요. 보기에도 예쁘고 마시기에도 부담없는 달달한 오렌지 주스 맛 덕분에 홈파티에 딱이랍니다!","도수 ★☆☆
단맛 ★★★
신맛 ★☆☆
쓴맛 ★☆☆
탄산 ☆☆☆
얼음 ★★☆","데킬라 1 + 1/2 oz
오렌지 주스 3 oz
그레나딘 시럽 (석류시럽) 1/2 oz","1. 글라스에 얼음을 채운다.
2. 데킬라와 주스를 먼저 따른다.
3. 뚜렷한 붉은색 글라데이션을 만들기 위해 시럽을 천천히 따른다.
Tip: 무거운 시럽이 음료와 섞이지 않고 예쁘게 바닥에 깔리기 위해 바스푼을 대고 따르는 것이 정석!"
깔루아밀크,"깔루아는 주원료인 커피원두와 코코아, 바닐라 등을 첨가하여 만든 멕시코의 커피 리큐르랍니다. 깔루아 원액을 마셔보면 아주 진한 커피향과 시럽같은 달짝지근한 맛이 일품이죠.
 이런 깔루아와 우유만으로 뚝딱 만들 수 있는 깔루아밀크는 제조법도 굉장히 쉽고 마시기에도 부담없는 도수로 많은 사랑을 받고 있습니다. 깔루아와 우유의 비율을 조절하며 자신의 취향에 딱 맞게 마셔볼 수 있죠. 카페인과 알콜을 동시에 섭취할 수 있는 어른의 커피우유랍니다!","도수 ★☆☆
단맛 ★★★
신맛 ☆☆☆
쓴맛 ☆☆☆
탄산 ☆☆☆
얼음 ★☆☆","깔루아 1 oz
우유 3 oz
Tip: 본인의 취향에 맞춰 비율 조정","1. 올드패션드 글라스에 얼음을 넣는다.
2. 글라스에 깔루아와 우유를 차례대로 넣는다.
3. 완성해버렸다.
Tip: 얼음이 녹을수록 우유의 맛이 묽어지기 때문에 얼음은 많이 넣지 않는 것을 추천!
Tip: 대체로 우유+술 조합의 칵테일은 전반적으로 양이 적어서 짧은 원통형의 '올드패션드 글라스'를 사용함"
그래스호퍼,"영어로 '메뚜기'를 의미하는 그래스호퍼는 파스텔 톤의 밝은 초록색이 특징적인 칵테일이죠. 1918년 미국 뉴올리언스의 유명한 레스토랑 ""투제스(Tujague's)""에서 개발되어, 그 다음 해에 뉴욕 칵테일 경연에서 2위를 수상하며 더욱 인기를 얻었답니다.
 그래스호퍼는 식후에 먹는 디저트 칵테일로, 시원한 민트향과 부드러운 초콜릿 맛의 조화가 매력적이랍니다. 특히 민트초코 맛 아이스크림을 좋아한다면 취향 적중이죠! 하지만 리큐르의 비중이 큰 편이기 때문에 아이스크림처럼 달콤한 맛에 방심했다간 쉽게 취할지도 몰라요~","도수 ★★☆
단맛 ★★★
신맛 ☆☆☆
쓴맛 ☆☆☆
탄산 ☆☆☆
얼음 ☆☆☆","크림 드 민트(그린) 1 oz
크림 드 카카오(화이트) 1 oz
우유 1 oz
Tip: 국내 조주기능사 레시피에는 우유를 사용하지만, 국제 바텐더 협회(IBA) 레시피에는 크림으로 대체함","1. 소서형 샴페인 글라스에 얼음을 채워 칠링 시킨다.
2. 쉐이커에 얼음을 채우고 모든 재료를 넣어 쉐이킹한다.
3. 글라스에 넣어뒀던 얼음을 빼고, 쉐이킹한 재료를 얼음 없이 따라준다.
*칠링 - 글라스가 차갑도록 미리 냉각시키는 것
*소서형 샴페인 글라스 - 위가 납작하고 둥근 모양의 샴페인 잔"
블러디메리,"블러디 메리는 16세기에 신교도를 박해한 영국의 메리 튜더 여왕의 별명에서 유래되었다고 합니다. ""블러디(Bloody)""는 '피범벅'이라는 뜻으로, 살벌한 이름에 걸맞는 진한 붉은 색감이 특징적인 칵테일이죠!
 재료도 어떤 의미로 참 살벌하다고 볼 수 있는데요, 블러디 메리는 해장에 좋다는 토마토 주스가 베이스로 들어가서 해장술로도 유명하답니다. 그 외에도 다양한 소스와 소금, 후추 등 다소 당황스러운 재료가 많이 첨부되어 독특한 매력을 느낄 수 있는 칵테일이예요.","도수 ★☆☆
단맛 ★☆☆
신맛 ★☆☆
쓴맛 ★☆☆
탄산 ☆☆☆
얼음 ★★☆","보드카 1 + 1/2 oz
우스터 소스 1/8 oz
타바스코 1 Dash
소금, 후추 한 꼬집
토마토 주스
(+) 가니쉬: 슬라이스 레몬 또는 셀러리
*Dash - 1ml 용량으로 대략 5~6방울 정도","1. 하이볼 글라스에 우스터 소스, 타바스코 소스, 소금, 그리고 후추를 넣는다.
2. 내용물을 바 스푼으로 섞어준다.
3. 얼음을 가득 채운 후 보드카를 따른다.
4. 남은 공간은 토마토 주스로 채우고 다시 섞어준다.
5. 슬라이스 레몬 또는 셀러리로 장식한다.
Tip: 셀러리는 안주로 같이 먹어도 맛있음!"
마티니,"""칵테일의 왕""이라고도 불리는 마티니는 감미로운 향과 강하고 쓴 맛이 특징적이며, 가니쉬로 올라가는 올리브가 화룡점정이죠! 핵심 재료인 베르무트를 생산하는 회사 ""Martini & Rossi""에서 이름이 유래 되었답니다.
 일반적으로 드라이 진과 드라이 베르무트를 사용한 '드라이 마티니'가 기본 레시피지만 그 외에도 재료의 비율, 베르무트의 종류, 진 대신 보드카 등의 변형에 따라 다양한 종류의 마티니가 있습니다.","도수 ★★★
단맛 ☆☆☆
신맛 ☆☆☆
쓴맛 ★★★
탄산 ☆☆☆
얼음 ☆☆☆","드라이 진 1 + 1/2 oz
드라이 베르무트 1/2 oz
(+) 가니쉬: 올리브, 칵테일 픽
*칵테일 픽 - 가니쉬를 꽂아 고정시킬 수 있는 장식","1. 믹싱 글라스에 진과 베르무트를 3:1 비율로 넣어 저어준다.
2. 미리 차갑게 얼려둔 마티니 글라스에 내용물을 따른다.
3. 칵테일 픽을 이용해 올리브로 장식한다.
Tip: 가니쉬로 사용된 올리브는 안주로 마티니와 잘 어울림!"
도화,"이름만큼이나 예쁜 핑크빛 색감을 가진 도화! '복숭아꽃'이라는 의미에 걸맞게 영롱한 분홍 색조에 아주 달달한 복숭아 맛을 자랑하는 칵테일이랍니다.
 도수도 세지 않아서 누구나 부담없이 편하게 마실 수 있습니다. 복숭아 리큐르를 베이스로 사용하여, 사과 주스와 석류 시럽이 들어가 과일 향이 낭낭한게 특징이죠. 이미 유명한 피치크러시 말고도 새로운 복숭아 맛 칵테일을 찾는다면 강추!","도수 ★☆☆
단맛 ★★★
신맛 ★☆☆
쓴맛 ☆☆☆
탄산 ★☆☆
얼음 ★★☆","피치 리큐르 1 oz
트리플섹 1/2 oz
스윗앤사워 믹스 1 oz
사과주스 1 oz
그레나딘(석류) 시럽 1dash
탄산수 적당량
* dash - 용량 1ml (표준계량환산 5~6방울 정도)","1. 글라스에 얼음을 채운다.
2. 소다와 시럽을 제외하고 모든 재료를 쉐이커에 넣어 쉐이킹한다.
3. 얼음이 담긴 글라스에 그레나딘 시럽을 넣는다.
4. 글라스에 쉐이킹한 내용물을 따른다.
5. 남은 공간은 탄산수로 적절히 채워준다.
Tip: 지정된 글라스는 없지만, 복숭아 모양처럼 동그란 잔이 예쁨!"
산토리 하이볼,"하이볼이란 기본적으로 높은 도수를 가진 술에 탄산수를 타서 만드는 칵테일의 한 종류로 볼 수 있는데요! 특히 위스키에 탄산수를 타 마신 건 19세기 영국 상류층에서 먼저 유행했다고 합니다. 어떤 위스키를 쓰는지에 따라 하이볼의 맛과 향이 다르지만, 공통적으로 위스키 특유의 묵직함을 덜고 탄산수와 더불어 상큼한 맛을 살리기 위해 레몬을 넣는 경우가 많답니다.
 그 중에서도 산토리 하이볼은 일식 이자카야에서도 흔히 찾을 수 있는 유명한 칵테일이죠. 산토리라는 일본 브랜드는 위스키뿐만 아니라 맥주, 와인, 음료수 등 다양한 제품을 제조하는 어마어마한 규모의 대기업이랍니다. 산토리 위스키 중에서도 가장 유명한 ‘가쿠빈’이 보통 우리가 아는 하이볼에 사용되죠!","도수 ★☆☆
단맛 ★★☆
신맛 ★☆☆
쓴맛 ★☆☆
탄산 ★★★
얼음 ★★☆","산토리 위스키 1 oz
탄산수 3 oz
레몬 1/8 또는 1/6 조각
(+) 가니쉬: 레몬 웨지 또는 슬라이스
Tip: 탄산수의 양으로 도수 조절","1. 하이볼 글라스에 얼음을 가득 채운다.
2. 위스키를 따르고 바 스푼으로 가볍게 저어준다.
3. 탄산수를 따르고 레몬 조각의 즙을 짜 넣는다.
4. 바 스푼으로 가볍게 저어주고 레몬으로 장식한다.
Tip: 글라스를 미리 얼려두면 더욱 시원하게 즐길 수 있음!"
올드패션드,"원래 칵테일은 양주, 설탕, 그리고 비터스(리큐르의 일종, 한국에서는 ""비터""라고도 부름) 세 가지만을 사용해 제조되었답니다. 그러다 시간이 지날수록 점점 다양한 맛과 재료의 레시피들이 등장했죠.
 그럼에도 기존의 심플한 레시피는 여전히 인기가 많아서 이를 ""올드패션드(Old Fashioned)"", 즉 옛날 방식이라는 의미로 부르게 되었다고 합니다. 화려함은 없어도 묵직하고 진한 위스키의 향이 가득한 이 칵테일만의 클래식한 감성을 찾는 매니아층도 꽤나 많답니다.","도수 ★★★
단맛 ★☆☆
신맛 ☆☆☆
쓴맛 ★★☆
탄산 ★☆☆
얼음 ★☆☆","버번 위스키 1 + 1/2 oz
앙고스트라 비터스 1 dash
탄산수 1/2 oz
각설탕 1개
(+) 가니쉬: 오렌지 껍질
*dash - 비터 병에 7할 정도를 넣고 한 번 흔들 때 나오는 양","1. 올드패션드 글라스에 각설탕, 비터, 탄산수를 차례로 넣는다.
2. 스푼으로 저어주면서 각설탕을 으깨고 녹인다.
3. 글라스에 얼음을 3-4개 넣는다.
4. 버번 위스키를 넣고 다시 스푼으로 저어준다.
5. 오렌지 껍질로 장식한다.
Tip: 보통 가니쉬로 오렌지 껍질을 사용하지만, 조주기능사 레시피에는 오렌지 슬라이스와 체리로 장식함"
카시스 프라페,"""키스하기 전에 마시는 칵테일""로도 유명한 카시스 프라페!
이 칵테일을 마시면 입 안에 달콤하고 진한 향긱가 남아, 키스했을 때 상대방을 매료시킨다고 해서 붙여진 별명이예요.
 메인 재료인 '크렘 드 카시스'는 까막치밥 나무(프랑스어로 ""Cassis"") 열매로 만들어진 달콤한 베리맛 리큐르예요. 이 리큐르가 바로 카시스 프라페의 특징적인 붉은 색감을 만들어준답니다.","도수 ★★☆
단맛 ★★★
신맛 ★☆☆
쓴맛 ☆☆☆
탄산 ☆☆☆
얼음 ★★★","카시스 리큐르 3/4 oz
피치 리큐르 1/2 oz
코코넛 럼 리큐르 1/2 oz
오렌지 주스 1 oz
스윗사워 믹스 1 oz
잘게 부신 얼음","1. 잘게 부신 얼음을 마티니나 마가리타 글라스에 미리 채워둔다.
2. 쉐이커에 각얼음과 함께 모든 재료를 넣어 강하게 쉐이킹 한다.
3. 글라스에 각얼음을 걸러내면서 쉐이커의 내용물을 부어 넣는다.
Tip: 지정된 가니쉬는 없지만, 대체로 레몬이나 체리로 장식함"
